,0,1,2,3,4,5,6,7,8,9,10,11,12,13,14,15,16,17,18,19,20,21,22,23,24
2011-11-01,0.0,0.0,0.0,0.0,0.0,0.0,0.0,0.0,0.0,0.0,0.0,0.0,0.0,0.0,0.0,0.0,0.0,0.0,0.0,0.0,0.0,0.0,0.0,0.0,0.0
2011-11-02,6.537162243292273,8.935470991992322,7.38719572384425,9.390846070859476,13.135041163766825,10.46350736774645,14.268419137835965,7.265762369479643,7.81221246412013,10.342074013381843,14.076149660092184,12.457038268564625,7.4276735086323615,3.82515066248368,12.264768790820735,13.327310641510653,8.085437511440402,11.080793585766271,5.160917560493868,11.03019635478099,9.815862811135412,9.846221149726523,10.139685089440958,6.1020260568192315,7.245523477085481
2011-11-03,9.836101703529524,24.205715303336035,15.077974833599772,22.191945510123702,16.282188931048353,14.905944248250004,17.648314167649602,20.360325748458248,12.082618759273911,31.562552688589026,19.267425559177166,19.05491718903917,12.426679929973565,10.068848966061571,18.41739207862519,33.21202241870764,29.558902341573855,26.209365650351266,18.90312549608345,16.110158345698572,15.472633235284652,27.909432611455173,16.56553342456568,12.851696670249494,19.3382616825565
2011-11-04,13.3070717491166,24.458701458262194,21.35203147576888,29.29579674045062,18.275719831866578,23.83129579404537,23.04197899067563,21.321673137177672,14.5720025237474,37.11812865076776,26.10817118838088,24.539657027838587,16.008963883728136,18.36679484763997,31.714344381544727,36.64251467950655,30.014277420440887,34.17336980742711,21.443106491542217,22.050273263365035,16.383383393018793,32.74652789364354,22.788992835749458,13.681491258407311,21.999676032379764
2011-11-05,44.84938554531155,26.199246204154264,22.566365019414462,38.35270108680749,18.751333803127796,38.868792842856934,25.450407185572786,57.47845439922601,22.374095541670528,37.178845327950036,28.030865965819718,24.82300152135591,21.271075906192447,40.37659032621684,32.817364017022875,46.56969139880951,33.181664080116576,34.497192085732664,21.68597320027133,23.73010133207477,24.893837644735193,40.933159867054435,23.153292898843173,13.934477413333473,41.89450725577386
2011-11-06,45.36547730136093,26.22960454274537,22.991381759690448,39.59739296904429,18.751333803127796,39.66822909242364,32.716169555052375,63.6310776870305,40.963518205645535,37.26992034372349,28.172538212578434,24.944434875720464,26.07781284978971,40.417068111005065,45.790494041636926,51.79132563648565,41.681998885635906,34.52755042432383,21.706212092665442,27.555251994558507,40.164081956078896,46.954230354297344,23.153292898843173,25.27837660022296,58.17669618682227
2011-11-07,87.02723729460277,26.24984343513949,35.05376162657025,39.688467984817684,23.36580126898117,42.23856842647357,49.09955294807122,86.13672602926266,41.054593221418976,37.61398151442303,49.251344641027,25.33909327740529,27.099876915691453,40.417068111005065,74.31721287111196,52.88422582576675,51.54845892775657,34.588267101506055,22.16158717153253,27.605849225543786,41.78319334760637,47.197097063026455,32.86796124800814,39.061062320600755,58.4802795727336
2011-11-08,89.20291822696791,61.425038416074294,39.79978189298525,54.29082884715625,44.495204928414886,43.1088407994196,49.42337522637671,88.21121249965726,45.40595508614909,46.306585797686246,52.54016465506721,29.305916186647625,27.150474146676636,42.90645187547857,79.83231104850243,54.64500946405286,54.50333721729431,35.205553319525926,57.27606547528501,74.17554062435329,41.8742683633798,50.60735043143124,39.587273522847255,68.25566459908089,59.613657546802905
2011-11-09,89.46602382809112,62.011966295502994,51.82168397507689,54.604531679264745,44.73807163714405,57.19510990570874,56.72961538064453,127.15084146589355,79.56920544737929,52.489567424081905,53.72413986012167,30.1357107748055,49.261464087224,68.78187580132736,89.81008499879061,56.00101525445714,58.64219071188643,52.671717455628794,58.804101851039135,74.32733231730901,58.91541575920669,67.59790059627288,42.97728799885794,84.52773408393227,59.79580757834975
2011-11-10,89.47614327428819,62.03220518789712,56.122448608821756,54.63489001785585,45.072013361646604,68.7211591241451,57.83263501612261,127.9705166078543,81.49190022481815,56.53734590290059,53.74437875251577,44.51544382080907,54.078320477018316,70.55277888581053,90.78155183370708,56.00101525445714,77.86913848627543,102.93500671636038,59.49222419243834,74.6511545956145,58.966012990191906,73.36598492858954,48.623938976810074,87.91774855994291,60.19046598003456
2011-11-11,104.33149029155287,62.03220518789712,80.0043416338523,56.54746534909775,45.13273003882888,69.82417875962321,57.83263501612261,148.5939479574357,85.29681199490773,90.31605730864298,88.48443754697755,44.717832744749956,67.52706447289353,79.45789153921173,105.52558494280436,56.00101525445714,82.54432262931101,112.8520639894663,59.83628536313788,74.94461853532884,59.057088005965355,79.47813043160589,57.74156000034928,109.8061106841552,62.93283589943422
2011-11-12,108.24771596980999,62.07268297268529,81.47166133242409,60.301779888202105,45.23392450079937,79.53884710878816,76.32086321812719,151.84229018668768,88.29216806923358,90.31605730864298,91.27740469736246,82.1597836738232,72.79929594155493,87.90762911374584,113.10505014439244,56.65877925726519,84.36582294477947,139.68883530403448,59.96783816369949,75.50118807616644,59.07732689835947,89.55709884386452,57.79215723133449,121.74705719667044,64.55194729096172
2011-11-13,116.10040621871836,62.30543023521739,81.93715585748826,71.24090122720976,45.76013570304582,86.54150387714455,87.60404572783439,169.99657666418975,88.80825982528303,90.4476101092046,103.27906788706001,98.16874755755134,76.32086321812723,88.48443754697755,113.22648349875702,67.8002895202138,88.34276530021887,161.15218068797085,60.018435394684715,77.17089669867913,59.583299208211784,97.2681168460142,60.49404936594605,126.837138633785,64.91624735405543
2011-11-14,117.44629256292555,75.05593244349637,81.95739474988237,86.16708436785382,45.800613487833964,97.97647807980744,97.32883352319644,176.11884161340313,90.02259336892868,92.83579941170765,108.59177714050956,101.79150929609408,94.86980809731408,88.63622923993326,113.41875297650087,69.04498140245046,113.25684183734819,184.305473586814,60.36249656538437,82.79730878423719,65.47281689489303,100.12180067358143,67.19312274839103,137.06789873899942,65.10851683179935
2011-11-15,119.64221238768471,80.67222508285741,81.95739474988237,87.75583742079017,49.83827252045565,98.63424208261554,100.86052024596577,176.42242499931453,90.04283226132273,96.2966500110976,118.26596770488638,101.86234541947347,98.05743364938385,88.64634868613031,113.44911131509205,69.1967730954062,139.1120268708028,185.8739877473563,70.19859826891384,99.92953119583751,86.66293723150909,111.19247481315061,85.4486036878635,138.59593511475347,67.83064785880492
2011-11-16,119.94579577359616,84.3860618371736,81.95739474988237,109.89718569992867,50.020422552002536,99.8890534110493,101.8623454194734,182.67624274908943,90.09342949230793,97.14668349164957,122.19231282934055,102.59094554566084,100.18251735076369,89.85056278357884,113.53006688466844,69.4396398041353,145.01166400368118,204.9187854901984,70.20871771511088,110.57518859513077,91.51015195989453,119.18683730881772,85.53967870363694,144.37413889326726,70.17835937651978
2011-11-17,121.40299602597088,87.88739022135178,81.95739474988237,129.6199863379729,50.465678184672576,124.69181604001112,102.26712326735523,188.76814935971169,90.55892401737208,98.15862811135428,122.51613510764605,103.52193459578916,102.87429003917816,95.65912490068376,113.5401863308655,69.96585100638178,146.2361169935238,210.2517336360421,70.228956607505,123.02210741749838,121.35239879498569,138.11020169729528,85.53967870363694,155.47517137142762,71.6254401826975
2011-11-18,121.69645996568524,96.20557499532428,81.95739474988237,148.75585909658852,52.83362859478152,129.46819464501723,102.37843717552279,188.89970216027325,90.5791629097662,100.87063969216284,123.05246575608952,103.66360684254776,104.03802635183851,100.09144233499023,113.61102245424476,80.26744723497545,151.0124955985299,210.4642420061801,70.32003162327838,127.99075550024835,125.5114911819719,141.18651334119747,90.9940602038452,166.2119037864943,74.2160184091415
2011-11-19,121.77741553526157,96.8431001057382,81.95739474988237,174.11519126638785,54.97895118855546,144.111033292144,102.47963163749328,190.1039162577219,90.59940180216026,100.93135636934515,123.86202145185328,107.2964880272876,104.66543201605543,100.18251735076365,116.83912579110272,80.91509179158646,181.10772858854725,214.1376009757081,70.53253999341638,130.6825281886628,131.61351723879108,141.19663278739452,91.20656857398312,179.80232002912825,78.19296076458096
2011-11-20,122.75900181637518,123.43700471157732,81.97763364227649,180.7737868640447,54.97895118855546,151.4577512312,102.60106499185785,192.502225006422,90.86250740328349,101.336134217227,124.57038268564655,108.23759652361298,105.72797386674536,100.51645907526623,116.99091748405846,91.621465868062,205.92061066370601,215.54420399709758,70.97779562608649,144.61700560199634,134.821381683255,145.6896668988833,116.64685631335892,180.87498132601516,94.35371634126469
2011-11-21,132.3623562573726,137.08813763139352,82.09906699664104,189.7699745332193,55.01942897334368,152.11551523400806,121.64586273469992,192.8361667309245,91.42919639031813,103.43085958001564,124.86384662536092,119.8446013116257,113.99556140973259,101.5790009259561,117.04151471504366,94.54598581900845,207.79270821015967,215.60492067427987,82.44312816734053,152.9149514835747,147.03555324309053,145.75038357606556,118.51895385981251,185.22634319074533,107.6810269827754
2011-11-22,143.4026720583507,153.88641831849125,82.53420318311403,196.2261812069352,55.10038454292001,152.11551523400806,133.54633146242702,192.87664451571274,100.87063969216284,113.3681557455157,125.44065505859257,120.9273820547097,124.83348828676978,101.5790009259561,117.08199249983184,94.57634415759964,219.9765214314041,216.5966264015905,85.05394528617863,153.26913210047138,150.11186488699278,145.76050302226258,123.18401855665114,214.41082602302842,121.92920722821735
2011-11-23,143.84792769102071,154.77692958383142,82.73659210705495,201.16447095109402,55.10038454292001,153.46140157821534,138.86916016207363,193.03855565486546,118.04333988855127,114.39021981141737,128.10206940841593,120.98809873189194,128.6687583954505,101.60935926454724,120.36069306767504,94.76861363534357,224.81361671359247,236.5015770711816,85.38788701068117,153.3399682238507,156.97284940859058,146.38790868647953,126.01746349182429,223.76119430909958,128.66875839545057
2011-11-24,151.55894569317041,154.92872127678712,84.58845076111453,202.35856560234558,58.399324003157254,153.47152102441234,140.3971965378277,202.5811934186807,124.41859099269081,114.61284762775242,128.36517500953912,120.98809873189194,150.72915110501262,101.71055372651773,122.78936015496626,95.11267480604313,229.5899953185986,236.5015770711816,85.80278430476005,153.69414884074732,158.8247080626501,146.6105365028145,129.49855298360842,225.67376964034145,135.5803401480335
2011-11-25,169.65251549349026,155.16146853931915,92.33994654805244,202.93537403557727,63.81322771857733,153.47152102441234,140.41743543022181,210.4541225599831,136.91610704604366,122.46553787666079,130.56109483429827,121.01845707048314,155.52576860241282,103.05644007072493,142.38060799244892,95.11267480604313,232.8686958864418,238.5457052029851,88.47431810078041,154.64537678326968,158.9056636322265,147.0153143506964,129.7110613537464,232.81809865545654,138.68701013052686
2011-11-26,175.15749422468366,155.3031407860778,104.66543201605543,204.16994647161687,66.22165591347449,153.6739099483533,140.41743543022181,215.96922073737358,139.49656582629058,122.73876292398106,135.54998180944236,122.39470175328152,163.4492949747005,104.49340143070556,171.63592694811138,95.14303314463429,246.2668426513318,247.94667072004157,88.85885705626819,154.97931850777232,158.9562608632117,147.6224811225192,129.7110613537464,244.92095630712453,145.65930856029215
2011-11-27,205.79917730934142,155.52576860241285,143.93900270679418,217.5883321289011,80.93533068398057,153.69414884074737,160.29202776122182,216.24244578469387,139.5370436110788,124.33763542311443,165.99939541635632,123.68999086650345,169.3084543227906,105.29283768027231,171.65616584050542,95.93234994800392,246.28708154372586,254.6356246562896,89.08148487260328,155.14122964692504,158.9866192018028,148.49275349546522,129.7414196923375,269.9969439834066,156.41627986775296
2011-11-28,210.97021431603244,155.52576860241285,145.65930856029215,222.111724578981,80.93533068398057,154.07868779623516,164.67374796454308,223.1236691986857,143.47350818173,125.28886336563689,166.90002612789345,128.56756393348005,181.7654925913553,134.31540937340264,171.67640473289953,95.93234994800392,246.6615010530166,254.9796858269891,89.79996555259356,155.3638574632601,160.6360889319215,155.33349912466895,129.79201692332276,274.0042446774371,157.69133008858088
2011-11-29,221.14025774406448,155.95078534268885,146.84328376534668,223.45761092318818,80.93533068398057,154.45310730552592,169.15666262983478,231.01683723238227,150.85058445937716,125.97698570703608,170.0572933413721,128.67887784164756,181.78573148374932,134.59875386691996,172.13177981176662,95.95258884039805,247.40022062540103,255.40470256726516,90.64999903314545,155.4751713714276,162.14388641528151,156.63890768408797,129.94380861627846,274.17627526278693,158.0050329206893
2011-11-30,222.2331579333455,156.80081882324075,146.84328376534668,223.6498804009321,86.12660658306558,155.1513490931221,169.79418774024882,233.6681321360085,164.1272978699026,127.72764989912515,197.2786036114281,128.7193556264358,181.80597037614345,134.59875386691996,172.74906602978646,96.04366385617143,251.933732521678,255.44518035205328,90.74107404891895,171.4841352551557,163.23678660456252,184.0322485394937,129.94380861627846,274.21675304757514,177.25221958747238
2011-12-01,227.04368841069527,157.83877560673525,146.84328376534668,223.67982146199446,112.39489748842765,155.30105439843382,170.802203462681,250.96408507635516,164.57641378583773,128.10690333924816,206.8298020903154,131.7434027937324,184.6403908233786,134.78838058698148,172.74906602978646,96.2233102225455,252.1433199491144,256.03402121961267,94.54358880383644,172.22268142802682,163.67592216681024,199.1425040222894,129.9837300310283,274.2866155233872,182.27233749225846
2011-12-02,227.4828239729429,158.84679132916747,146.88320518009644,223.99919277999282,122.8942295676225,155.34097581318363,171.1614961954291,251.18365285747902,184.23771055010948,128.77558703630714,208.55640327824383,131.77334385479472,206.16801372720298,136.73454955603373,175.71323107495843,96.44287800366934,257.7722394288349,265.64510182062475,101.53981673873716,172.75164017346148,196.56118756695,202.93503842351944,130.16337639740232,274.2866155233872,191.8734377395831
2011-12-03,227.9019988278157,185.44443390621532,154.71778282474284,229.54826943021362,150.0407915974799,159.0037656164769,171.36110326917807,251.2335546259163,191.5333490956337,129.15484047643014,221.3013149371144,131.9829312822311,211.15819057092682,163.0926636445828,175.98270062451954,96.79219038273004,257.80218048989724,288.0509958489445,104.78343168715764,179.06920405761588,200.7828771767403,223.02549039635144,130.4228655932759,274.64590825613533,193.46031397588726
2011-12-04,228.26129156056385,197.02164418365447,159.57821507052978,232.20304351107467,160.0910077607396,163.63464972745257,171.36110326917807,251.24353497960368,192.87071648975171,129.72372063661464,230.66288669594024,132.29232224654197,222.0267957365572,179.32071874037257,181.54175762842786,97.41097231135174,258.08163039314576,288.4801510575048,109.25463013913419,179.12908617974048,206.63136443758458,223.2749992385376,131.1713921198345,274.815574268822,201.97355567128
2011-12-05,228.83017172074835,209.09787214546608,159.97742921802774,235.74606907011855,160.2007916513015,167.55692872661945,171.42098539130268,251.42318134597775,192.9106379045014,129.80356346611427,232.7687413239917,132.32226330760432,229.98113762545293,183.16315491003985,186.6816397774633,97.52075620191364,258.82017656601687,294.4284418552235,121.23105456407131,179.37859502192666,207.45973379364276,223.33488136066222,131.52070449889516,282.81981792615494,205.1373277902009
2011-12-06,236.60486724327,213.7886383785664,174.4489420648267,247.94206127617952,174.94177404766162,167.6966536782437,171.55072998923953,251.42318134597775,192.9106379045014,136.81975210838988,233.95640341279795,132.54183108872812,230.10090186970226,183.66217259441223,187.76949832939513,98.11957742316055,271.49522574907525,300.91567175206444,121.760013309506,186.7341156895756,207.66932122107914,228.42486174126054,132.34907385495328,282.8597393409047,214.2893121215903
2011-12-07,236.7146511338319,221.88270521908643,174.47888312588898,251.65475284791,179.10358153532727,183.52549462653562,174.9141091819094,251.44314205335263,192.9206182581889,136.9494967063267,245.54359404392457,132.6416346256026,230.28054823607638,184.71010973159432,189.71566729844739,100.78433185770905,271.6249703470121,302.8718210748042,122.49855948237713,207.4932513594665,222.5699892764384,257.82698370448105,150.87261029885602,288.96771579762265,239.28011775495904
2011-12-08,237.07394386658004,230.86502353778926,174.47888312588898,275.7473266494084,181.1595343949415,195.5019190514727,175.24346085359508,251.4830634681025,192.9206182581889,137.09920201163843,261.3923956995913,133.06080948047537,231.29854431219601,184.71010973159432,191.8414826338737,101.32327095683122,271.7147935301992,302.96164425799117,122.6382844340014,220.9567484838333,248.3093214363657,264.1844690033852,150.87261029885602,301.5928632122438,252.01504906014225
2011-12-09,241.70482797755568,231.77323572334691,174.52878489432624,276.6156174202163,182.33721613006028,199.49406052645173,179.66475753713445,251.5529259439146,192.9305986118764,137.22894660957522,266.99137411824944,133.41012185953605,240.8397624373959,184.71010973159432,191.981207585498,105.48507844449688,273.5511786086895,303.24109416123974,123.34688954581017,241.53623778735025,253.85839808658656,264.2144100644476,151.08219772629238,306.9323524350283,259.9594105953505
2011-12-10,248.1621168133343,232.13252845609506,175.8062701663196,276.8152244939653,194.014229944374,210.41256746051937,191.3816927661979,251.61280806603932,193.1102449782504,141.94965390373795,268.54830929349134,133.66961105540972,241.6282103787043,184.71010973159432,192.03110935393525,105.754547994058,286.3859134507471,303.56046547923813,123.35686989949757,243.83171913546317,261.3237026447973,264.22439041813504,151.38160833691583,318.25007351659383,260.8875834882831
2011-12-11,248.91064333989289,232.5916247257177,175.8062701663196,277.28430111727533,196.8785914526714,211.78985626938717,193.03843147831418,251.70263124922627,193.4395966499362,141.97959496480033,285.8043408190881,146.6241101417167,256.64864267831285,185.42869519709046,192.05107006131013,107.09191538817592,286.87495078143206,325.3475775789361,123.39679131424738,245.97749517826443,262.28181659879226,323.82706263957186,151.99040991185018,367.6927456842091,271.0076621273549
2011-12-12,255.3379911146091,232.7513103847168,187.42340185850853,282.97310271912045,202.85682331145247,211.8696990988868,196.2022035972351,251.76251337135096,194.0084768101207,142.1991627459241,286.492985223522,151.60430663175302,265.59103958226586,200.5988328020108,192.19079501293442,108.06000969585834,287.57357553955336,326.0462023370575,123.58641803430893,245.97749517826443,262.28181659879226,331.052838709284,152.02035097291247,373.11207773649323,272.50471518047203
2011-12-13,255.61744101785763,233.19044594696453,193.1920462898533,284.9891341639849,218.04692162374766,220.6923317585904,197.18027825860497,258.3695075124413,195.35582455792613,142.59837689342203,301.5134175231306,153.25106499018187,266.31960540144956,201.53698604863084,192.19079501293442,108.0999311106081,298.112829033498,326.50529860668007,123.97565182811941,246.00743623932675,262.28181659879226,331.052838709284,152.42954547409784,375.8267339394789,272.54463659522185
2011-12-14,258.5317042945923,233.46989585021302,193.78088715741268,286.21671766754093,220.3523833255481,222.42891330020626,197.65933523560244,260.0462069319325,195.83488153492362,143.46666766423002,304.29793620192856,160.35707681564452,269.6031417646198,201.88629842769154,192.19079501293442,108.27957747698221,319.60053052257257,332.0942966716507,137.96810769792086,246.057338007764,262.3616594282919,331.052838709284,152.6391329015342,378.1621367023416,279.09174861418745
2011-12-15,259.58962178546176,233.61960115552475,193.9006514016621,292.7937707475689,220.79151888779583,223.7762610480117,200.55363780496222,260.63504779949193,195.94466542548557,144.74415293622326,305.83491066979536,161.63456208763785,276.99858384701855,201.88629842769154,192.23071642768417,108.32947924541942,328.3832417675265,332.34380551383686,137.98806840529576,246.2170236667632,262.4015808430416,331.052838709284,152.66907396259657,378.5912919109019,280.9880158148025
2011-12-16,264.63968075131027,233.6295815092122,193.9804942311616,294.9794682051199,220.8314403025456,224.6445518188196,211.09289129890686,275.07661958522857,196.24407603610902,145.75216865865542,305.83491066979536,170.06796095353099,282.6674247414888,202.2356108067522,194.9553529843574,108.62888985604285,329.89027517433107,332.34380551383686,138.07789158848277,246.29686649626282,262.5812272094157,332.39020610340197,152.78883820684592,391.8651623152072,281.33732819386324
2011-12-17,269.38034875284785,233.7094243387118,194.8188439409072,295.0692913883069,220.8514010099205,227.8282846451154,212.3204748024629,285.43622671279917,196.24407603610902,145.99169714715418,305.83491066979536,170.9162910169641,284.9728864432892,205.0400901929249,195.3445867781678,108.80853622241692,336.7467781576075,332.34380551383686,147.50932582312075,246.52641463107412,262.80079499053954,335.6038799907602,152.92856315847018,407.16504451806435,281.42715137705017
2011-12-18,274.68989691456994,236.21449311426116,195.16815631996792,295.20901633993117,224.95332637546142,231.24156560622245,234.28723326853503,285.88534262873435,196.2839974508588,145.99169714715418,305.92473385298246,171.04603561490092,287.1585839008401,205.68881318260898,214.28729807694336,109.0380843572282,337.405481500979,332.64321612446037,147.89855961693118,246.8358055953849,262.96048064953874,335.823447771884,153.19803270803132,416.56653769163984,284.5510020812213
2011-12-19,287.4547692808154,244.17881535684432,195.60729188221558,295.20901633993117,226.24079200114215,236.5710744753195,240.44511149369012,287.49217957241336,196.5135455856701,146.031618561904,308.8988792518419,171.04603561490092,335.8726902492718,209.21187803427804,233.1302058388444,115.82472486469251,337.425442208354,333.3618015899565,152.70909009428092,247.20507868182054,262.9904217106011,337.1109133975647,153.4575219039049,423.7723530539771,287.51516712639324
2011-12-20,294.41107580096644,244.30855995478115,195.6372329432779,295.2688984620558,232.93760932541952,239.87457154586463,246.39340229140893,290.91544088720786,197.21217034379143,150.21338675694452,314.34815236518824,178.51134017311168,338.128250182635,209.7707778407751,243.849105699163,128.73930253624974,347.73514756748733,339.4098959245498,153.4476362671521,249.41073684674643,263.20998949172497,346.17307454576707,153.48746296496728,424.8602116059089,296.028408821786
2011-12-21,295.70852178033465,244.4981866748426,196.2360541645248,295.70803402430363,240.78216732375327,240.00431614380142,255.75497405023475,293.15104011319613,197.69122732078893,160.62289565295237,315.03679676962213,181.8547586584066,352.7993701031829,219.5116030397239,250.00698392431823,130.12657169880498,357.5059138274985,340.7572436723552,154.2560449158354,256.32712195214765,263.3297537359744,352.48065807623396,155.77296395939277,436.14799162641214,296.0982712975981
2011-12-22,295.78836460983416,244.4981866748426,197.5335001438929,296.00744463492697,242.01973118099673,247.23009221351344,271.2744240342157,302.85194389739524,197.69122732078893,161.43130430163563,315.56575551505694,224.2912225374337,362.9194487422548,220.27010991997003,257.81162050790226,130.6156090294899,360.59982347060725,340.82710614816733,154.2560449158354,256.5466897332715,263.80881071297176,353.44875238391637,158.13830778331783,442.056361009381,296.4675443840337
2011-12-23,295.8682074393338,244.55806879696732,198.00257676720298,296.27691418448796,245.2932871904796,252.5396403752356,272.58185036727144,334.3599204886673,197.73114873553868,161.43130430163563,315.9150678941176,228.0039141091642,384.91614826938917,220.91883290965404,258.1808935943378,130.69545185898946,360.9191947886055,343.79127119333924,162.2004064510436,283.6433499946917,272.2821309936148,353.5585362744784,162.27017420992115,473.7539643207145,299.7910021619537
2011-12-24,297.345299785076,244.6279312727794,206.93499331746852,301.5764819925227,247.2194954521569,266.39237129341285,273.12078946639355,340.27827022532364,198.050520053537,161.59098996063483,315.95498930886737,228.0039141091642,390.2755981995485,228.29431428467782,260.19692503920226,133.2604027566635,361.1786839844792,344.25036746296183,164.4060646159695,284.7611496076858,274.55765163435285,353.71822193347754,162.95881861435498,474.0833159924003,302.3659334133152
2011-12-25,297.9740620673852,244.85747940759074,215.70772420873502,303.18331893620183,255.75269785492458,269.7357897787078,279.30860875261106,348.40227812690597,212.40226865608662,162.03012552288249,316.07475355311675,228.0039141091642,400.15614835012167,230.4301099737916,269.8080056402142,142.79164052817598,361.35833035085335,344.62962090308486,178.74783286483174,285.4797350731821,274.8271211839139,353.71822193347754,175.48416249210172,474.1930998829622,303.4438116115595
2011-12-26,297.9840424210727,246.26470927752084,229.0714177962273,322.35557836978853,256.16189235611,270.5242377200162,302.8422827476125,366.7062467896848,214.69775000419963,165.85260098517492,316.35420345636527,228.10371764603863,415.1466395886679,230.48999209591628,279.86820215716136,142.79164052817598,361.37829105822817,345.91708652876565,184.23702739292784,290.11061918415777,274.8271211839139,353.93778971460137,178.52817036677325,482.506734504606,303.83304540537
2011-12-27,297.9840424210727,246.5042377660196,232.22520956146076,335.7691737257182,259.75481968359105,271.5721748571982,305.40723364528657,367.03559846137057,214.74765177263689,169.55531220321805,316.38414451742767,228.26340330503785,422.89139405012725,230.48999209591628,281.37523556396593,142.89144406505042,372.9754620430423,361.3267526221846,184.55639871092617,290.11061918415777,275.15647285559965,353.93778971460137,200.34522352753362,483.9239447282235,303.9927310643692
2011-12-28,303.163845984858,251.54431637818058,233.36296988182977,336.8171108629002,270.15434822591146,273.03928684925296,305.58688001166064,377.7445179680018,224.67810369164718,170.26391731502682,316.45400699323983,228.35322648822486,427.3925335631661,230.5798152791033,281.56486228402747,142.9812672482374,381.7481929343087,361.66608464755785,184.6661826014881,291.60767223727487,275.25627639247415,353.9577504219763,206.0639661904411,497.42736326734007,304.0326524791189
2011-12-29,303.6329226081681,251.77386451299188,241.75644733297318,336.87699298502486,282.16071371191083,280.83394307914955,313.022243508809,380.9182704406101,232.3829367383567,191.51209031560268,316.4939284079896,228.50293179353662,442.3431033869626,230.60975634016563,281.93413537046297,143.85953837273286,389.84225977482873,367.39480766415267,186.12331423985543,291.63761329833716,275.45588346622304,358.14949897070426,206.4232589231892,497.50720609683975,304.51170945611636
2011-12-30,310.91858080000475,252.13315724574002,249.0121644637476,337.2063446567106,286.8614602986986,287.7503281845508,315.78680148023204,393.1242430003585,235.91598194371312,224.3674146546801,316.5737712374892,230.5788453605257,454.3295081655872,240.26075835592744,282.33334951796087,145.25678788897548,397.70677848053737,367.5045915547146,188.65832407646712,291.7274364815243,275.45588346622304,359.03775044888715,207.44125499930888,497.8165970611507,309.8711593862757
2011-12-31,311.5673037896888,252.37268573423881,250.63896211480147,337.31612854727257,287.88943672850576,290.76439499815984,331.6056620748365,420.02129618802974,235.93594265108803,225.3953910844872,316.6436337133013,231.14772552071025,461.25587362467576,241.69792928692,282.3732709327107,145.34661107216255,398.2656782870344,369.6503675975159,189.36692918827592,291.76735789627406,278.130618254459,360.3451767819428,217.0523356003209,503.29581123555926,317.6458549087974
2012-01-01,311.68507083811755,262.36476684322844,254.78798582098213,337.42483659197603,295.57147188754766,292.0598325308757,331.7596651381663,425.13057428909065,235.9721786659892,236.5017296516869,317.31399998897234,231.3379645989412,461.2739916321264,242.59477065572315,282.46386096996355,145.35567007588782,399.68794187190423,378.9177284084826,190.1550625123757,291.82171191862574,280.06924505167,361.0880150874162,217.2878696971784,506.86505870332167,317.8089169758525
2012-01-02,312.10178500948064,263.7779714243729,273.2411764093882,338.8380411731205,307.5927698310012,292.0598325308757,348.2017568995591,427.7758033768738,235.98123766971446,253.55983366639902,317.4770620560276,239.6178940038519,466.5916268188688,242.77595073022886,291.6315727399522,145.39190609078898,399.68794187190423,441.09872997884065,191.26931997058574,291.8670069372522,280.386310182055,369.68500962271196,219.93309878496157,508.6949774558294,318.4068112217214
2012-01-03,312.1923750467335,265.4267101023748,277.2633740634148,339.1460472997802,308.61643725195853,299.92304776442325,349.4881354285495,435.177009420432,235.99935567716503,260.1910243933078,318.22895936522616,240.52379437638044,475.4513324621978,242.83936375630591,307.04093807666237,145.43720110941538,399.86006294268464,446.5250732102865,193.07206171191757,292.211249078813,290.0885031718355,380.4289880409002,227.02629870185996,508.9305115526868,326.59615058937925
2012-01-04,312.4460271510415,266.6496756052884,279.6549510468901,345.8134740415901,320.39314209482933,303.34735117258106,351.62606030771684,437.1065772139177,236.3888928373523,260.2091424007584,318.6547325403147,240.6596794322597,482.80724348712937,242.85748176375645,316.95148815212445,151.45237958300473,400.539488222081,454.3158164140318,200.79033288586055,293.5610406338805,310.7973856878376,381.3258294097034,227.72384198870688,512.717175109856,348.2924645114374
2012-01-05,312.5728532031956,267.2385108474319,282.62630426878366,350.5513329899144,322.9840171602608,307.5416698973881,354.34376142530243,438.4382507615347,236.43418785597882,260.2091424007584,318.8540306222709,241.4478127563596,484.03926799376814,243.09301586061383,318.0838636177852,156.1540025164278,400.60290124815793,466.69947450649664,202.1310654372028,294.0411678313207,313.0530776154336,381.5794815140114,227.8234910296851,516.8752578197619,351.81641696057335
2012-01-06,312.6000302143714,267.4831039480146,287.3822812245585,353.622335252786,342.4246391547229,307.822499012872,354.8873016488195,440.7935917301088,236.43418785597882,260.22726040820896,319.23450877873285,246.40308779409057,498.5064969430486,243.53690704315272,318.34657472581847,160.33020323378437,400.74784530776253,468.19421012116885,202.90108075385206,294.78400613679406,313.0893136303348,391.5353266081,233.7843154809228,518.0438693003238,352.2603081431124
2012-01-07,312.60908921809664,267.55557597781683,312.8924357149617,354.066226435325,347.1624981030472,311.62728057749166,355.18624877175387,444.7795533692343,236.696898964012,267.2298702878544,319.2435677824582,246.57520886487097,517.2948706692902,245.05881966900074,325.34918460546396,160.35738024496018,416.88193094249567,468.2576231472458,203.3177949252152,295.02859923737674,324.24094721616086,402.4242490858927,236.46578058360717,529.1320898600728,358.0490115235696
2012-01-08,312.61814822182185,268.52488937642244,314.65894144139236,354.8634187631501,347.6879203191137,316.6731456524756,355.2949568164573,457.1269754467981,237.01396409439698,272.88268861243245,319.2435677824582,247.68040731935582,519.2969104925783,271.83723468094394,325.8202527991787,160.4660882896636,435.72465869108885,468.520334255279,204.5407604281287,296.8494589861591,324.6667203912492,402.9587303056845,238.65805948512627,529.8205741431947,376.2032549890412
2012-01-09,312.8174463037782,281.2980846290746,314.93071155315084,358.8674984097262,357.7071784392791,320.7225203176781,355.4580188835125,472.3189246941014,237.8745694482991,277.33971844527275,319.49721988676623,254.8913742846828,520.7916461072504,308.4809047497227,332.85909869372534,160.8012714274992,454.43150138380287,468.64716030743296,204.5407604281287,302.84651945229785,324.70295640615035,409.24567889103247,242.1276579119105,531.5961388733505,404.7391167236897
2012-01-10,313.0348623931851,281.8688018637676,320.17587471009114,360.6974171622338,359.8179263072707,364.10608915806915,355.7569660064468,482.75489698563,238.7895288245529,277.6477245719325,320.04981911400847,299.24425652367944,528.5099172811933,323.43731990016863,334.89737453191464,160.9733924982796,456.1436530878818,468.7015143297848,204.5407604281287,309.1153500301953,324.75731042850214,427.21874228199835,256.69453590216915,531.6776699068781,406.74115654697766
2012-01-11,313.2975735012183,282.46669610963636,326.27258421720813,366.3230584756359,378.32547091802843,365.1659925939276,356.44545028956856,488.090650179823,242.89325751210708,290.1944447314525,320.04981911400847,299.3439055646575,534.8874559037941,323.78156204172944,366.01505232826935,161.01868751690608,457.4028546056964,470.4951970673912,204.6041734542057,319.45167328074575,324.75731042850214,428.61382885569236,260.47214045561304,534.44066604309,417.2224238571328
2012-01-12,313.74146468375733,282.52105013198815,335.5852400468013,382.25784602841264,383.85146319045236,366.2621320446871,357.27887863229483,493.19992828088385,242.99290655308525,301.7627924886418,320.1494681549866,301.97101664499024,536.6992566488511,326.6351482151943,366.4227074959072,161.01868751690608,459.5588974923143,470.8847342275785,204.88500256968956,322.19655140950715,324.8026054471285,428.7225369003958,273.3087487343423,543.8257939024855,433.23874244343705
2012-01-13,313.77770069865835,282.52105013198815,341.21088136020336,385.09331419442685,383.9692302388812,377.1329365150293,360.02375676105623,494.26889072046754,243.3462076983714,301.8986775445211,320.1766451661625,302.1340787120454,565.7786586070167,327.64975663242626,373.688028483586,161.01868751690608,464.2333434145615,472.0261686969645,204.9755926069424,335.0603366994123,324.8660184732055,428.7225369003958,277.3128283809184,570.7400939703082,450.9037997077433
2012-01-14,313.9951167880653,282.52105013198815,341.8903066395998,389.2966919229592,384.47653444749693,393.8105623732795,389.88223303959643,502.47634809557604,243.3733847095472,302.17044765627963,320.2038221773384,302.2156097455729,576.6132270624579,327.92152674418486,379.65791193854886,161.02774652063133,464.631939578474,478.55771038289504,205.04806463674475,360.3258980892328,324.9022544881067,428.7225369003958,277.6661295262045,585.1982639158633,457.78864253896006
2012-01-15,314.50242099668134,282.52105013198815,348.5486743776844,390.05764823588333,384.47653444749693,401.6284825882006,419.7044733032354,505.2121672206122,243.3733847095472,302.55092581274164,320.2038221773384,302.2246687492982,585.2645756201052,327.94870375536067,380.49134028127526,161.2270446025876,468.5726061989732,478.6573594238733,205.25642172242627,363.22477928132406,328.5983280080231,428.78594992647277,277.76577856718256,590.0720079200668,464.1571221578356
2012-01-16,315.19996428352823,282.6478761841421,350.61412722704955,400.46644351623587,384.50371145867285,402.48908794210274,419.8041223442135,505.58358637334885,243.3733847095472,302.9676399841046,320.2128811810636,302.5507928834085,590.3738537211661,335.75756496655663,380.6996973669568,161.2270446025876,478.1389141328744,478.86571650955483,205.44666080065724,377.47459214119783,329.1781042464413,428.8312449450992,278.762268976964,608.9962667021873,476.03347604168465
2012-01-17,315.50797041018785,295.1674193324863,363.8040366510649,406.94363117981493,384.94760264121186,409.95370701173766,425.53847170231904,517.6320613279782,243.3733847095472,303.53835721879767,320.385002251844,302.74103196163946,594.051809233632,336.57287530183225,380.772169396759,161.39916567336797,479.7967118146015,480.14303603482,205.8452569645698,379.2773338825296,334.3689133810298,428.8312449450992,279.0068620775467,633.4374587530071,481.69535336998774
2012-01-18,316.05151063370505,305.1685594452012,366.55797378355163,408.6376648764432,386.17962714785074,425.4083673670743,445.9665251028373,531.8909331915772,243.42773873189893,304.49861161367784,320.52994631144867,302.99468406594747,604.6508435922158,346.1482422394588,381.216060579298,161.94270589688512,480.39460606047027,490.76924740457946,205.94490600554798,379.4222779421341,360.5947291657306,428.8312449450992,288.93553016045934,669.5557066057194,487.37534870574166
2012-01-19,321.15172973104063,305.2138544638276,368.40601054350975,418.1858548028939,386.73222637509315,432.31132820574163,451.0939212113488,534.4002772234812,243.5092697654265,306.95360162323016,320.53900531517394,304.0183514869047,605.2759148492604,348.47640619685706,381.4606536798807,169.59756404475115,480.4942551014485,520.6549006942956,205.9539650092732,379.60345801663976,367.5701620342002,428.96713000097844,290.9375699837474,673.6503762895483,500.94573628621885
2012-01-20,323.27153660275735,305.41315254578393,370.7885285232598,420.76767086460023,390.43735889873483,441.85951813219236,479.2311867820848,541.4663001292038,244.0075149703172,336.0330035813958,324.6608520101788,305.76673920588473,610.3217799242442,365.6160412450968,382.0494889220243,169.6156820522017,480.4942551014485,522.9558876405181,206.3435021694605,379.64875303526634,382.1098630132829,436.92999427550416,296.164615133237,678.8864804427632,521.4372027128142
2012-01-21,323.42553966608716,305.4765655718609,371.7125469032389,421.20250304341386,391.6603244016483,457.7127746514415,480.10085113971206,549.3657513776523,244.51481917893315,341.0969866638303,351.59327008545165,307.2705338242821,618.0762871130884,366.05993242763583,382.49338010456324,177.58760533045273,486.1017784073999,523.6987259459913,206.92327840787868,380.00205418055236,382.9070553411081,461.32589130769736,298.63772315023994,680.3449800425343,534.4459320623239
2012-01-22,324.35861704979163,311.5823340827032,383.9331429286487,431.7653013870965,392.24010064006654,463.18441290151384,480.31826722911904,549.8277605676419,247.83947354611283,341.1241636750062,351.76539115623206,310.49553915048364,640.3161412586636,367.76302512798935,383.1365693690585,181.93592711858963,502.3173950756606,535.846849941599,217.2958376733304,380.3462963221132,390.08178629153394,464.61430965997596,302.6508618005413,706.416792763905,534.735820181533
2012-01-23,324.59415114664904,311.8903402093629,385.83553371095866,433.2238009868674,403.3917342258927,463.31123895366784,480.31826722911904,550.0723536682248,257.5597845433439,345.97073066803375,352.17304632387,315.8041153335008,643.405261528986,368.7413975303202,383.6076375627733,182.16240221172177,504.0204877760143,542.5052176796836,217.30489667705564,380.35535532583845,390.1814353325122,477.5505669796833,307.37060274141487,706.7247988905648,553.9409080791377
2012-01-24,324.911216277034,312.37046740680296,392.58449148629614,440.20829285906234,410.62081919867035,463.35653397229424,480.481329296174,550.4075368060602,257.63225657314615,351.1796578100728,353.1423597224756,318.4040494026576,656.5589349380999,368.7595155377708,383.8069356447296,182.66064741661248,504.2650808765969,548.0312099521076,217.30489667705564,381.6779698697301,391.01486367523836,483.5657454532727,312.55235287227805,706.7882119166417,560.7804558917279
2012-01-25,324.911216277034,312.45199844033056,393.0736776874616,441.0779572166897,416.32799154559996,463.410887994646,480.7893354228338,550.7608379513463,257.659433584322,352.8465144955253,353.4231888379593,319.89878501732966,656.5589349380999,369.92812701833253,383.8069356447296,182.70594243523888,504.3919069287508,548.1217999893604,217.30489667705564,381.9769169926645,400.4181095420845,484.39011479227366,317.0003237013932,706.8516249427188,565.2737217394696
2012-01-26,324.9383932882098,312.5969424999351,404.80508751170584,441.17760625766783,421.0205554752978,463.4652420169977,480.7893354228338,552.2374555585678,257.659433584322,353.5802937972734,353.4503658491352,327.17316500873375,675.8636718766829,371.5225116739829,383.8069356447296,182.85994549856878,509.88166318627367,548.1217999893604,217.377368706858,382.17621507462087,407.2304803434991,509.76438422679746,317.13620875727236,707.114336050752,571.0896021311025
2012-01-27,325.01992432173745,313.4122528352108,409.87812959786567,441.3769043396241,421.30138459078165,463.4652420169977,480.80745343028434,557.9718049166734,257.659433584322,354.3684271213732,353.52283787893754,343.3887816769943,679.5778634040499,371.67651473731263,383.8069356447296,183.08642059170086,510.1987283166588,556.9271516103377,217.53137177018775,382.2215100932473,413.2365998133631,515.7433266854858,317.5076279100091,707.6125812556427,582.8481889665228
2012-01-28,325.01992432173745,313.6477869320682,416.4187302875216,444.0583694423085,423.412132458773,463.4652420169977,481.42346568360375,572.4209158585032,257.659433584322,354.87573132998915,353.8217850018719,346.17895482438223,684.0711292517914,372.5914741135665,383.8069356447296,183.6843148375697,515.0452953096864,556.9905646364148,229.09066052365174,382.3030411267748,433.1935850201665,516.1238048419477,328.23348832074674,707.7031712928955,592.2242578221932
2012-01-29,325.038042329188,313.9104980401015,421.15658923584573,445.85205217991495,423.412132458773,463.4652420169977,482.0485369406485,574.377660663165,258.43850790469656,355.20185546409937,353.88519802794883,349.3586651319573,696.9167965342459,372.68206415081926,383.8069356447296,188.2953477337399,515.5707175257529,556.9905646364148,229.90597085892742,386.78724797079104,455.5149701992693,516.1690998605742,358.99786497181543,707.7031712928955,606.8364308310782
2012-01-30,325.038042329188,320.2336826403505,434.3827346747622,447.6547939212467,423.4664864811247,463.51053703562417,484.6031759911789,592.7312022105929,262.0258733799095,355.53703860193497,353.95767005775116,350.21021148213407,698.5745942159731,373.14407334080886,383.8069356447296,197.24564341432168,515.8062516226104,556.9905646364148,237.08976081307858,400.5297566220487,480.12828332086923,516.1690998605742,359.1609270388706,708.2738885275885,616.167204668122
2012-01-31,325.038042329188,342.7362478939591,436.26700744962164,448.43386824162127,424.0824987344441,467.0526074922106,485.8804955164441,598.3930795388962,262.0258733799095,374.243881294649,354.1116731210809,352.55649344698304,700.0783888343706,373.497374486095,383.8069356447296,203.11587782830657,516.3316738386769,557.126449692294,238.1043692303105,415.22346066446136,491.1802678657173,516.1690998605742,359.5776412102337,708.8446057622814,617.9427693982781
2012-02-01,327.93757994774194,349.17061508119974,447.0099572217358,456.6356502132051,424.3838551723275,468.95033857401694,486.57280084671686,598.4419481504449,262.034018148501,374.3334737491549,355.1623482693772,352.67052020726317,704.9571052206453,373.8557443041185,383.8069356447296,218.1999892596604,520.2330179939785,557.4115165929946,238.60934488298008,434.98266926730383,492.7684977410488,516.1690998605742,363.3975376796208,708.8853296052388,618.6350747285506
2012-02-02,328.95567602167245,349.37423429598573,456.00992651528117,461.13970724427355,424.6933563788023,468.95848334260836,491.5655439932718,598.4419481504449,262.1399001401898,383.7976948524125,355.7243373021868,352.7193888188118,709.2412534997445,374.2629827336907,383.81508041332114,223.20087717480675,523.3117405215442,557.6558596507379,239.44825604789884,442.1419208591829,495.2282178556649,516.2098237035315,363.70703888609563,716.6310045357014,626.6495270225313
2012-02-03,329.3792039884275,350.058394857667,456.22983526725005,461.26187877314516,433.24536339981836,468.95848334260836,494.74200374393484,599.0609505633946,262.5389938011706,388.66012170150435,355.86279836824133,353.11033771120117,711.5869468540805,374.79239269213446,390.5833831128108,226.36104738828686,525.6737234130629,557.712873030878,251.56767171196708,449.9201748640116,508.5856383456325,516.3808638439517,363.7151836546872,721.2490883270501,631.0965706734595
2012-02-04,329.7701528808168,350.6855420392082,457.8587889855388,462.4428702189043,434.8498828123327,468.95848334260836,494.929333421538,599.7043872821188,264.29826381692243,392.3415571048369,355.93610128556435,353.11033771120117,714.2991547950311,379.7362672271408,391.47930765786964,238.08951415996586,532.6945139388873,558.8124167907229,252.3332799595628,460.5979664873944,511.4363073526378,516.5274696785976,363.7151836546872,723.0165031113934,631.3490584997944
2012-02-05,329.8027319551825,350.6855420392082,462.7130710660393,462.4428702189043,438.3032646951048,469.08065487147996,495.24697939660433,603.0763214789763,264.5426068746657,394.9560278226904,355.9686803599301,353.16735109134135,715.0973421169925,379.94803121051837,401.6032550170342,240.38633890275304,541.3605477201835,559.2603790632521,252.4310171826601,470.71376907796747,519.1982718202837,516.5274696785976,363.9106581008818,723.2852804749112,631.9762056813354
2012-02-06,332.03439854923823,350.7914240308969,467.78726189850886,466.9387824813814,460.61993063566064,475.7837994222383,495.6786521319509,603.0763214789763,265.3652285024015,397.611222383501,355.9686803599301,353.29766738880437,727.070151946415,381.739880300636,402.27927081012405,242.56099211666847,544.5777313138036,559.349971517758,252.5043200999831,475.66578838156516,523.5801573224803,516.6333516702864,364.28531745608825,729.817384885249,639.0458648187085
2012-02-07,333.9809982425932,350.7914240308969,469.7501511290467,475.0346824612765,462.00454129620596,475.7837994222383,500.47592083231115,606.1306097007678,265.53626864282194,398.95510920108916,356.06641758302743,353.29766738880437,733.9117575632276,384.28104810116656,405.0973607427636,244.7845139421326,547.4935584695406,559.4477087408554,266.57848022599785,475.8286837533941,538.9656251917175,516.7310888933837,364.3016069932711,737.26984814642,640.2024219586938
2012-02-08,341.172828908838,350.9706089399087,478.97002917456086,485.6228816301533,474.07508834872567,475.7837994222383,501.7139256582106,608.4437239807378,265.60957156014484,400.61664199374366,356.1967338804905,353.29766738880437,738.7253158007709,385.3398680180541,415.57153315136014,244.7845139421326,548.9026034358603,559.9119605505678,267.4906943082396,476.1870535714176,552.1031369297162,517.1057482485902,364.3830546791855,738.7847751044286,640.2431458016508
2012-02-09,345.1637655186454,352.28191668313116,488.6704485669704,486.33962126620025,481.34836670088487,476.2073273889934,504.1573562356438,616.2464122913407,265.84576984929674,401.63473806767416,356.6609856902028,353.50943137218195,750.7469942417418,401.72714242403885,433.7832357218283,245.85147862761173,560.9324266454227,561.8096916323741,274.91872326363625,476.3173698688807,553.1782463837868,517.5537105211196,373.03279892329874,738.7847751044286,640.3734620991138
2012-02-10,349.0976887483127,369.4918127168517,502.66316100707087,488.13961512490937,481.4053800810249,476.4435256781453,505.8596128712555,616.8491251671077,265.8864936922539,401.7894886709116,356.67727522738573,354.00626225626,767.2482954080067,404.27645499316077,441.3497257432795,250.58358917924053,567.3016356839316,570.2069480501526,288.4390391254328,476.3662384804294,553.1782463837868,517.9935280250576,373.4563268900538,738.7847751044286,647.2557915588839
2012-02-11,354.49767032443987,369.85018253487533,507.7780756824973,498.55677415336584,488.1736827805147,476.50053905828537,506.3727332925165,620.2943622812883,266.1145472128144,401.7894886709116,356.8483153678061,358.4370163700053,769.9605033489577,425.5587353226031,441.8058327844004,254.47678856595059,572.5957352683703,570.5245940252189,302.37473818539297,478.06849511604105,553.1782463837868,518.2948844629409,375.3377684346773,740.2426886822971,650.9535164993993
2012-02-12,354.53839416739714,370.48547448500784,509.63508292134657,507.9395475707092,490.7555744240023,476.5168285954682,513.9392233139675,626.6147027082485,266.9208793033673,401.7894886709116,357.0356450454092,358.56733266746846,769.9605033489577,430.8446901384502,455.0818055884536,255.51117417706402,575.4301147381925,570.6956341656393,309.50141070290624,478.29654863660164,553.8298278711023,520.5509853627708,379.4590213419478,749.1856445957022,654.0240942583735
2012-02-13,354.58726277894584,376.02391712718963,509.63508292134657,510.51329444560537,490.861456415691,476.5738419756083,514.0613948428393,628.2355116579458,267.4665787989941,401.83835728246027,357.6220683839932,359.47954674971015,770.9378755799307,432.89717182349403,459.2763614130472,256.7899028459206,585.6273650146802,570.9888458349312,311.9041174373821,479.07030165278877,558.8795843977974,520.5509853627708,385.7875065374996,756.6055287825073,664.7588992618963
2012-02-14,355.07594889443243,378.48363724180564,509.63508292134657,538.1484942763739,492.0261583242673,476.9729356365891,514.2324349832596,643.9630598080238,268.67200455052773,402.0989898773865,357.89084574751075,359.47954674971015,770.9378755799307,443.41206807504784,468.6428452932075,256.8632057632436,589.8137760706821,570.9969906035227,318.4606561534943,480.82142689994913,558.928453009346,520.9256447179772,388.6055964701392,756.9638986005308,665.8421534845583
2012-02-15,373.6867451258814,378.58137446490304,515.3608552411314,546.6923565287983,492.034303092859,478.1946509253057,514.2405797518511,644.134099948444,270.20322104571915,402.28631955498963,357.89084574751075,359.5772839728075,771.6301809102034,449.3170253038445,468.7161482105304,269.9274145839193,592.9576567469795,570.9969906035227,318.83531550870066,487.777059277042,565.5827289485555,525.5274389721428,396.7096412186256,757.4851637903834,665.8828773275155
2012-02-16,386.05864861628436,379.50987808432745,517.1445595626576,548.7611277510251,492.2216327704621,478.1946509253057,518.1174896013783,644.2644162459071,274.0719861266549,402.3188986293554,363.6899209846187,360.0333910139284,775.3930639994504,449.4473416013077,473.01658602681266,269.9274145839193,611.0390430199848,570.9969906035227,323.5511365231466,488.23316631816283,578.7609645295113,530.1862466064487,400.6924330598416,757.7050725423522,666.0864965423017
2012-02-17,394.27672012505104,380.02299850558853,519.6694378260052,548.924023122854,498.3953673627765,478.1946509253057,531.4178967112059,645.2988018570203,276.80862837338003,402.3677672409042,367.0781447186593,360.8152887987069,783.4482401363882,449.4473416013077,488.8825952429451,269.9274145839193,611.7883617303975,571.3553604215463,324.365613382291,488.3879169214003,579.6731786117532,533.4441540430262,400.78202551434754,757.7620859224924,666.900973401446
2012-02-18,399.36720049470335,380.3976578607949,524.4341274519999,548.9403126600369,499.54377973417,478.1946509253057,536.4595084693096,646.1458577905306,284.7823568244034,404.10260295088165,369.04103394919724,361.06777662504174,791.5767191906492,449.4554863698991,510.4743767788624,269.94370412110214,615.6571268113332,572.1861268178734,333.691373419494,498.59331196647935,579.7872053720334,544.4395916414752,406.0598355616031,757.7620859224924,667.0312896989092
2012-02-19,407.1291649623492,381.0329498109275,525.1182880136811,549.8118028993214,506.3690958137999,478.1946509253057,537.2251167169053,646.5286619143284,288.51266083928465,414.29985322736917,376.06996924361323,361.08406616222464,797.4979659566287,449.5043549814478,514.9214204297906,269.94370412110214,637.2326188100676,573.2042228918039,336.8026750214256,499.06570854478286,579.7872053720334,547.0133385163714,411.1340263940725,757.8028097654496,667.6584368804503
2012-02-20,414.98072188450095,386.4247866184633,525.4277892201558,549.9013953538272,507.67225878843084,486.8118160950531,538.9762419640657,647.4408759965703,288.6185428309735,428.2111179815551,380.15049830792645,361.08406616222464,799.2328016666063,449.52064451863066,521.6327097491402,269.94370412110214,653.8479467366128,573.2123676603953,350.9175589903976,505.80957693849837,579.7872053720334,556.0784659586483,412.0869643192714,757.9086917571384,667.6584368804503
2012-02-21,417.13094079264215,386.7179982877552,526.787965574927,549.9828430397416,507.67225878843084,488.9864693089685,555.3227925270933,648.3530900788119,288.65926667393063,431.5016044924983,383.3188132899981,361.08406616222464,815.0580870397813,449.94417248538576,522.5612133685647,284.4332474452805,659.5004161390748,573.2123676603953,355.51120847597184,511.24213758899134,579.836073983582,559.1327541804395,428.53125210539633,758.08787666615,667.6584368804503
2012-02-22,423.59788705424836,386.7587221307125,527.1300458557677,550.1783174859363,507.67225878843084,489.0271931519258,557.2775369890398,648.3530900788119,288.65926667393063,436.1278330524383,391.56946387313064,361.08406616222464,850.8624897677679,450.84009703044455,522.5612133685647,292.61059511109,659.5004161390748,574.4910963292521,355.7718410708979,511.5679283326491,580.4306420907574,567.4974315238524,445.95291212249435,758.2752063437532,667.6584368804503
2012-02-23,429.3236593740333,386.98677565127286,527.8712197975889,552.2633782453458,507.9980495320886,489.16565421798026,560.4947205826602,648.393813921769,288.76514866561945,445.5513303127386,399.23369111767914,361.08406616222464,850.9520822222738,450.9052551791761,522.6182267487048,292.7001875655959,663.1166933936757,575.2322702710734,356.9121086737,511.9996010679956,580.5202345452632,569.6883742749507,446.0343598084088,758.4869703271307,667.6584368804503
2012-02-24,431.2946933731626,387.7605286674601,529.6223450447493,553.9900691867321,510.66138886149065,490.42809334965415,567.5318006456673,649.4119099956995,288.91175450026543,450.2264274842274,402.1332287362329,361.27954060841927,852.4344301059166,451.0437162452307,522.6426610544792,308.38701187271647,666.3420217558876,575.4114551800851,356.9121086737,512.7489197784083,581.2532637184931,569.6883742749507,450.63615406257446,758.7720372278314,667.6584368804503
2012-02-25,432.3453685214589,388.200346171398,535.1689324555225,554.0796616412379,516.7781100736651,490.94935853950653,574.0313259816395,652.4254743745338,288.9280440374484,451.4155636985781,402.1332287362329,361.51573889757117,852.9882743701347,451.0437162452307,522.6426610544792,317.6639032983709,686.6143507799909,575.5173371717739,356.92839821088296,524.37964932699,582.0025824289061,571.3254727618307,453.56012598690285,759.0245250541662,667.6584368804503
2012-02-26,437.09376861027056,389.31617946842584,543.1182266007717,555.1059024837598,526.103870110868,503.6633423107501,577.8186433766608,665.611854724081,288.9280440374484,474.9295106220762,402.4101508683422,361.59718658348567,854.4950565595518,455.30343021855566,528.1973932338439,319.5372000744029,691.2242898027481,577.7082799228723,356.9854115910231,525.0475203514885,583.541943692689,577.1489823047133,457.2497061588268,760.8570979872411,667.6584368804503
2012-02-27,442.01320883950257,396.0600478621412,553.8041629927458,557.606346441333,535.7717104289118,503.6633423107501,592.7724385105514,667.9819823841913,288.9280440374484,476.7132149436023,406.62914099871,362.0207145502407,856.1484445836151,460.18214660483045,548.8932502247022,332.22674953987223,692.7717958351224,579.337233641161,360.89490051491606,539.0809566345459,583.8107210562066,592.2575280418413,457.65694458839897,763.919530977624,667.6584368804503
2012-02-28,442.11094606259985,396.67905027509084,564.4493755417627,558.062453482454,544.0793743921844,504.3230685666571,595.590528443191,668.7313010946041,288.9280440374484,477.87791685217866,406.6780096102587,362.118451773338,856.7348679221991,462.9758022316957,562.0226171941097,341.1371263789117,693.3989430166637,580.3308954093171,361.03336158097056,547.2664490689468,583.8433001305723,600.4185861704677,468.46505250924486,776.3810269225328,667.6584368804503
2012-02-29,442.2005385171057,400.77586887658714,572.5045516787005,558.1031773254111,544.8368378711887,504.3230685666571,595.6882656662882,672.7222377044114,297.39860337254976,478.3666029676654,406.76760206476456,363.7311159544439,857.6226476986666,463.383040661268,575.0786812461938,343.59684649352766,705.3961871518602,581.7888089871856,361.9211413574379,589.024677637279,583.9980507338097,602.7479899876208,468.88858047599996,778.4823772191252,667.6584368804503
2012-03-01,448.6128345891529,401.7777901378445,575.0774854776097,558.1031773254111,545.4700521083032,504.3230685666571,595.9768189895304,674.3894346831438,306.7365095274684,479.2322629373917,406.76760206476456,372.95680692810174,858.1997543451507,483.237112374344,576.1447254681716,351.97290823763933,708.4580585262628,592.9782656329077,362.12954097977945,607.0271988595513,584.7675262624555,606.9320131746315,470.73211559671347,788.4454822410686,667.7546213215309
2012-03-02,460.9084123073033,402.2026047526176,594.3624659142912,558.4558536093737,547.5780944419888,504.3230685666571,595.9768189895304,684.7372774694097,311.36137806943236,481.300228420627,407.14432445899735,374.2793429929615,858.5844921094737,498.33005425392486,577.427184682581,362.29670491363515,715.4234151345239,596.5931975435243,366.36967175742063,608.7344726887337,584.8717260736263,606.9720900250818,489.85678863159416,794.9539627541964,668.451958519366
2012-03-03,461.14887341000514,402.3789428945988,605.1271079452405,559.5218978313517,547.5780944419888,504.40322226755774,596.7783559985364,689.4503150823645,316.36296900562917,482.10176542963285,409.01190568998106,376.6038003190786,859.7306900323522,501.13543378544546,577.5073383834815,373.5823460004382,716.3131212145206,614.1869348912038,367.82846911381137,608.7825649092741,584.9358490343468,607.0201822456222,492.55796835194394,795.5631308810408,669.7103716235054
2012-03-04,469.32455090186517,409.1358998805186,614.5050909506093,565.2448720756538,547.5780944419888,504.4593298581882,597.7642465196137,701.9142155724062,323.03977229064833,492.87442283067213,409.42870493466415,378.11068989600966,860.2997813087462,504.1331821991275,582.6291598710293,377.36560068294585,731.6785856771634,619.4370023001923,369.3273433206524,611.3474833380931,587.4606906127152,607.0201822456222,513.8227452008703,796.4448215909473,671.7783371067405
2012-03-05,481.7243284311864,436.42021966707915,618.5047606255489,570.1422632006796,547.5780944419888,504.5394835590888,600.4734416100538,707.621159076528,323.68100189785304,492.90648431103233,409.42870493466415,378.80001172375466,860.5963500020782,504.18127441966783,583.6070350220164,380.59579482923965,735.4057327690407,621.0240455780239,369.3433740608325,635.0809941747574,588.6068885355937,607.4449968603952,514.9849738639289,797.3104815606737,672.2111670916038
2012-03-06,482.9747261652356,439.0492610566185,621.0215868338273,570.7514313275241,547.5780944419888,505.4852972297156,608.8975955747056,707.6692512970683,323.84932466974425,499.5271800054209,409.42870493466415,378.80001172375466,861.0452107271217,508.5897279692002,583.7833731639977,382.7519293834655,736.1992544079567,621.6492444450486,372.82204467991806,643.6975170215708,591.3802065867542,615.0435677057711,520.852224769852,800.1879994230051,673.6619490779043
2012-03-07,488.3209780153049,444.74017382056036,621.7509855120228,571.56098370662,547.5780944419888,509.62924356627616,611.8312210276672,708.430711455624,323.84932466974425,505.96352218773836,409.42870493466415,378.92825764519563,863.9227285894528,509.93631014433015,597.5137021282687,391.93754350667297,736.4076540302983,621.6973366655889,372.86212153036837,656.7385241580968,593.2317570775577,615.1637982571219,533.1958947085427,800.476552746247,683.2483317056148
2012-03-08,488.3209780153049,444.7481891906504,622.8009989938205,571.6731988878809,547.5780944419888,513.2281447367127,612.9213113599152,717.1354033734281,327.75280990360295,521.1847099887602,415.5684784236493,379.7217792841114,865.8704635213372,509.9763869947805,598.0827934046628,404.9384737927487,736.9687299366024,623.8294251095446,373.17472096388076,659.3355040672758,595.6123219943053,615.2038751075722,544.2811515430943,800.476552746247,691.9209621430584
2012-03-09,496.0558101522117,444.8684197420013,622.8009989938205,571.6731988878809,547.5861098120788,516.9552918285901,613.0174958009959,718.4659548083777,328.1856398884661,525.1122413328891,432.35266339223267,379.81796372519216,873.9259104618465,509.9763869947805,606.1061788648118,414.7893636334311,737.0088067870528,628.6146010533098,375.37093236855685,672.4887263850625,597.0069963899757,615.2038751075722,547.1426386652453,805.0212675873105,696.4256001336718
2012-03-10,503.4379660051561,445.22911139605384,622.8009989938205,571.6731988878809,547.5861098120788,516.9552918285901,613.3862028251386,722.2812709712457,328.2177013688264,528.502742880984,443.03715172228124,379.81796372519216,875.1202006052652,509.9763869947805,617.151358848913,421.04135230367706,738.4836348836235,628.6146010533098,379.4988479649372,676.4483192095516,615.3541785261203,615.2439519580226,549.1384658176702,805.9670812579375,713.3139849134258
2012-03-11,508.0788652873002,450.7196399077443,622.8490912143608,571.6731988878809,547.5861098120788,516.9633071986802,613.7228483689213,726.6656784105078,328.24976284918665,528.6390041725151,447.53377434280435,383.06418861166605,876.2423524178736,509.9763869947805,633.751190305425,421.2016597054782,738.4836348836235,639.1868742020977,379.7713705479992,681.0010494207053,619.4981248626809,615.2519673281128,564.776452863375,806.039219588748,713.4021539844165
2012-03-12,511.6216588671062,454.0219723848485,622.8490912143608,571.6731988878809,547.5861098120788,517.5404138451645,614.1156015033341,737.5986432133484,331.80057179908266,529.3684028507105,456.9438188285335,385.1802463154416,881.5725735277626,509.9763869947805,636.2760318837936,429.43344478796865,738.5958500648842,644.6453412334276,379.91564720962026,709.5838591618553,619.7706474457431,615.2519673281128,571.172718195242,806.039219588748,733.3043179180329
2012-03-13,513.4892400980899,455.424662150609,622.8891680648111,572.6029818183277,547.5861098120788,517.612552175975,614.9972922132407,741.221590494055,347.46260495505777,529.5768024730519,470.5939940919038,386.4146133093106,883.9130615940599,511.7237376744133,636.8771846405481,429.5777214495898,738.5958500648842,647.546905206029,379.9236625797103,712.5896229456274,619.8588165167338,615.2519673281128,571.8700553930772,806.039219588748,738.0414016412578
2012-03-14,523.837082884356,458.51859500537165,622.9532910255316,573.4766571581442,547.6903096232496,517.9491977197575,615.4541683083738,749.1006992925828,358.28335457663735,529.6810022842227,470.5939940919038,392.0734645928922,884.5703219414447,511.7237376744133,640.1394402672022,429.6338290402202,738.6439422854248,650.5125921393509,380.1000007216916,735.6578580648172,622.2313660633911,616.7989337554942,573.072360906586,806.039219588748,740.2135669356636
2012-03-15,541.2063898695138,461.29191305653205,631.6820290536057,573.6369645599452,547.7063403634297,518.7106578783131,619.6462068654748,757.0920232723716,358.72419993159065,529.7290945047631,470.5939940919038,397.1872707103499,885.147428587929,511.7237376744133,643.8425412488093,434.9319886697492,738.6439422854248,677.2278206495172,380.1080160917816,739.3288975660641,648.6420105101354,621.1833411947564,576.1342322809886,806.1033425494684,750.8018708246315
2012-03-16,549.3980981015541,473.2187837505397,636.3710205562903,573.7491797412063,548.0990934978427,519.8167789507412,620.3916362838503,759.841295213262,358.8364151128514,530.4584931829585,470.5939940919038,397.1872707103499,893.45135200123,513.447042243776,644.3715556747533,434.9800808902895,738.6439422854248,682.902702673279,386.1756512499562,739.3609590464246,655.2947676848843,622.3856467082652,578.9716732928695,806.4480034633409,751.3869928412057
2012-03-17,550.9450645289354,478.26846690727683,639.5851839624039,574.0858252849888,548.5880310733362,521.3877914883927,620.9446968200642,765.9490072218869,364.9200810112062,530.6749081753901,470.5939940919038,397.78040809701423,893.45135200123,516.6050980592591,656.8194254246147,435.7736025292052,738.7000498760551,688.0325395309168,402.4388371626858,739.3769897866047,655.2947676848843,622.3936620783553,579.0838884741304,806.6403723455023,751.6114232037274
2012-03-18,558.5837122247615,479.84749481501836,646.1738181764323,575.0556850658859,550.0869052801771,523.4717877118081,621.5538649469087,767.6642964211594,367.79759887353737,531.0436151995327,470.5939940919038,397.9086540184552,907.9030642736062,525.1414672051719,663.7206590721554,445.48021570826666,739.7500633578528,694.2123898703521,416.12107390641637,739.9781425433589,655.3348445353346,622.6261078109669,584.8309088287025,807.7785548982907,760.0916847590097
2012-03-19,563.128427065825,479.8635255551986,652.5540527681193,575.7850837440812,550.46362767441,532.440986842584,622.1710484438432,767.7925423426004,367.8056142436274,531.1157535303435,470.5939940919038,398.0048384595359,919.3890896126607,528.0670772880435,678.7254318807458,459.5872670667704,756.4380638853555,699.221996176639,419.8642517384738,739.9781425433589,664.5445047688122,623.6360444423144,585.3438925144662,808.0430621112628,762.8409566999002
2012-03-20,568.9075089007574,480.192155728891,678.074991134867,575.7850837440812,550.6239350762112,538.6368679221996,622.796247310868,767.9368190042213,367.81362961371735,532.0775979411505,470.5939940919038,398.38957622385874,921.6734700883277,536.026339787472,689.3297665098938,464.8693959561192,763.7801428878496,708.062949385974,432.8571666544594,739.9781425433589,676.9763437784937,623.7562749936652,585.8969530506804,812.0186856759317,762.8810335503505
2012-03-21,584.8500800098847,480.38452461105237,687.8216811643787,576.7308974147082,552.3472396455738,542.5163070457879,624.311152257889,768.161249366743,372.2701753837902,532.8390580997061,475.9322305718831,398.9827136105231,922.02614637229,536.4110775517948,690.2675648104306,465.2861952008024,763.8202197382997,710.0427457982183,461.88883712065285,739.9781425433589,678.499264095605,623.9005516552862,586.4259674766242,819.0401498748233,763.4581401968347
2012-03-22,585.7317707197913,480.88147755663607,698.0412780292038,578.0935103300183,562.9515742747219,551.1568760028716,624.311152257889,768.161249366743,373.9774492129728,533.0234116117773,476.23681463530534,399.83234284006926,924.3826651787678,550.1333911459757,690.4679490626822,467.4022529045779,764.2049575026227,711.6297890760501,469.2068700128767,739.9781425433589,687.7009089589926,635.8995606801045,588.9107322045426,820.8275774049066,763.9070009218781
2012-03-23,585.7317707197913,481.0818618088875,699.7966440789266,579.3439080640676,569.0753170235267,551.1889374832318,624.311152257889,768.169264736833,375.6526615617951,534.5703780391589,483.1540790230262,399.83234284006926,925.0719870065127,559.8961119156675,697.7779665848158,468.235851393944,766.6656761202707,715.7577046724306,472.38897193863005,740.0983730947098,694.0250359600493,642.2477337914313,606.0235473468184,824.3543402445325,764.1715081348501
2012-03-24,585.7317707197913,481.25018458077864,704.4054818807105,579.5202462060487,585.6511023697688,551.1889374832318,624.4874903998704,768.1852954770131,377.4400890918782,535.0352695043823,485.8151818929257,399.83234284006926,925.7052012436274,561.8438468475516,700.5753307462463,470.01526355393725,770.0882391487261,725.7047789541937,488.3235276776672,740.1544806853401,709.9836378093564,659.368564303797,608.2999124523951,824.4986169061535,768.8204227870842
2012-03-25,585.7317707197913,481.35438439194945,707.2669690028615,579.5202462060487,590.4442936836239,551.2370297037722,624.7359668726623,769.6200467231337,387.04250245976885,535.8768833638385,492.4438929574045,399.83234284006926,927.5246902540704,566.8374224136584,716.3014868629419,479.8180611740793,774.9375380532118,735.6197917555965,488.6040656308193,742.2945844993857,718.0390847498658,670.517944099069,618.9763854123535,824.690985788315,773.0284920843652
2012-03-26,585.7317707197913,481.3864458723097,715.9395994403052,579.9049839703715,592.488213056589,551.2771065542225,625.264981298606,769.6200467231337,391.8918013642544,536.5982666719436,492.8206153516373,399.96058876151017,928.2059967117253,575.8947906154249,723.7397503065166,498.5339503343669,790.5514789886465,750.0795193980628,488.7323115522602,743.1842905793824,718.0390847498658,674.6057828449991,627.2161858649341,824.7791548593058,793.7161622868073
2012-03-27,585.7317707197913,481.40247661248986,719.3220856183102,580.4580445065856,608.4468149058962,551.4053524756633,626.3149947804037,769.6200467231337,395.11398014045824,537.7524799649121,519.1991983180212,400.0808193128611,928.9113492796506,578.219247941542,733.2299484931465,498.83853439778915,793.2366279688163,760.5155312553194,488.7323115522602,745.3324097635182,718.4638993646388,678.5814064096684,637.54799791102,826.7749820117302,795.9524505419338
2012-03-28,585.8279551608719,494.3312685677549,725.157275043873,580.4580445065856,619.3797797087367,570.3456719984728,626.8119477259876,769.6200467231337,409.5656924128344,538.8586010373403,526.4130313990744,400.0808193128611,929.1518103823524,578.4516936741537,744.1068057053565,498.87861124823934,797.6450815183487,765.1804766477337,502.1580564531089,760.8501662578723,718.4638993646388,681.2104477992077,639.8724552371373,828.4341636203725,800.7696879660592
2012-03-29,586.0443701533035,495.5896816718943,725.4297976269349,580.5381982074863,630.577251724549,571.4117162204503,628.1104376805771,769.6200467231337,413.8939922614663,541.0948892924669,528.3767970711389,400.0808193128611,929.1838718627127,579.2291845728895,755.1840471698179,498.87861124823934,801.3722286102261,778.694390619573,522.5170964818586,766.797570864696,718.4638993646388,682.4287840528967,640.4816233639816,829.155546928478,802.9899454810055
2012-03-30,586.2607851457351,498.9962139601692,738.3345434719299,580.5542289476664,634.0479069735445,571.6762234334225,633.3364589792955,769.6360774633138,415.617296830829,544.0365301155183,529.7073485060887,400.2812035651126,929.1999026028927,583.5574844215213,763.2635402205972,498.87861124823934,802.983317998328,791.1021835189842,522.5170964818586,766.797570864696,718.8887139794119,687.3742673984632,650.7172509689867,829.2357006293785,803.2544526939772
2012-03-31,586.5733845792473,499.09239840125,745.0834850877595,580.5542289476664,635.7231193223669,572.0128689772049,643.3797177021394,769.6360774633138,424.321988748633,553.2942825695363,538.3719635734424,400.337311155743,929.336163894424,589.6010734694257,769.7239285131848,499.0228879098604,803.0233948487783,792.2804429222227,522.5170964818586,766.797570864696,719.3696361848155,694.7323771411371,654.668828423386,829.2837928499188,803.3907139855086
2012-04-01,586.5733845792473,499.09239840125,745.0834850877595,580.5542289476664,653.592232185179,574.574800256695,647.6233636483339,769.6360774633138,427.4134812423194,554.353404997929,545.6140709892078,400.4875920408528,929.336163894424,597.5802728454912,778.7407816197699,499.10160646872737,803.252394292755,794.2340944286494,522.5170964818586,766.9049143540599,723.0336272884438,702.203484000879,657.0089164915236,834.0283750798125,803.3907139855086
2012-04-02,586.5733845792473,499.3142416126025,745.5271715104643,580.5542289476664,660.92737062506,579.9849121206463,652.1890400626207,769.6360774633138,430.2044119657862,560.7081395682843,557.242949003653,401.30340256002006,929.3791012901697,598.1527714554333,779.8285289786596,499.1874812602188,803.6102059239687,794.3629066158867,522.5815025754771,766.9406955171814,725.0659973537375,711.3777742251987,661.0450316916141,836.1752448670945,803.3907139855086
2012-04-03,587.6396632402643,503.4147629063114,751.3523448666235,580.5542289476664,662.6162415243887,593.0593491251948,655.3377824173012,769.6360774633138,441.9191647717228,572.0507682777587,562.4240614236274,401.61827679548816,929.500757244782,598.2672711774218,785.5821400085761,500.57579038932784,803.6960807154599,795.8514030017355,522.5815025754771,766.9406955171814,732.4297607241155,719.8292849544663,665.0024283328378,837.1842736671173,804.3067117614156
2012-04-04,600.0271019128828,505.3111645517441,754.5869620127953,581.2913209079666,662.6591789201343,600.8023928246593,666.6875673593997,769.6360774633138,443.13572431784934,590.0987869561777,568.7143899003643,402.7847427132448,930.5527234405507,599.8559548200105,788.7881322242506,501.1697576971427,804.0252674161766,795.8514030017355,522.917845508818,770.4186245725786,739.0492759015691,730.6423524497443,667.8792338477957,838.1288963735216,805.4946463770451
2012-04-05,625.2027282850787,505.42566427373254,754.7730240610265,595.4535052714049,662.6591789201343,604.1658221580682,671.990335733987,774.6382840676814,443.7296916256642,596.5465525506487,577.2303067232504,403.2713665316954,934.273964405173,603.5485708541357,791.1139078271398,502.8514723638472,804.7695156091011,795.8514030017355,523.962655471962,778.2833242266557,743.3072343130119,736.2886199902963,668.2585141768824,838.8946132643187,811.4629443856898
2012-04-06,628.9096567844526,511.3581811192557,757.3707365036379,596.8847517962598,662.6591789201343,606.7921595311766,671.990335733987,775.4183134237272,447.45808882291084,606.7799652033606,583.1198861730279,412.1450949857952,934.517276314398,623.0349922900341,796.5598008542122,513.3568218562814,805.4135765452858,795.8514030017355,524.5136853840312,783.4214992508846,743.3072343130119,752.1897688814332,668.8095440889514,839.5315179678792,813.8889072453185
2012-04-07,631.7005875079194,512.0881168469316,757.4780799930022,598.1370925055078,662.9955218534751,606.8923467879165,671.9974919666113,775.4183134237272,455.0866328003871,607.9392748884927,584.2863520907845,431.4955480018322,938.524766583992,634.1056841597858,805.4907791693062,523.2753602735252,805.4278890105342,795.9372777932268,524.6424975712681,784.4663092140286,743.3072343130119,758.0721920985866,671.5217562535513,839.5315179678792,821.2455143830722
2012-04-08,642.3705303507121,519.6021611024194,757.4780799930022,598.1370925055078,662.9955218534751,618.5999433612287,672.4698033198132,775.4183134237272,456.76119123446716,608.0036809821113,588.5228418043548,436.2544426969744,943.0188806720357,641.0615422705804,805.5337165650517,535.3336122454268,805.4278890105342,796.5598700315387,525.1291213897186,784.5092466097743,743.3143905456363,763.9474590831155,673.2750332464983,839.5315179678792,824.5946312512323
2012-04-09,654.4502510204868,524.2966497039431,757.4780799930022,598.1943423665018,663.0169905513479,623.0940574492729,672.9278022077667,775.4183134237272,457.5340643578887,608.3829613111977,610.1346643296622,446.7240110262873,950.0606135743216,641.0615422705804,808.2960223580214,543.2412492952496,805.4278890105342,797.4830240400702,525.136277622343,784.5092466097743,743.3143905456363,778.2885492621607,673.6686260408335,849.113713451782,829.4680256683632
2012-04-10,666.2079412221689,534.8592490573716,757.5854234823662,599.8116509395878,663.0885528775907,634.6585293700997,673.822331285801,775.4183134237272,461.1121806700258,608.7908665707814,610.9862560119509,453.75143146332437,960.494400740513,641.5410098564067,808.2960223580214,559.3785538629877,806.1435122729614,821.5208094250065,526.1739313528627,784.5092466097743,743.6077960832315,778.3601115884034,673.682938506082,850.258710671666,832.1373004372174
2012-04-11,682.5527765360107,534.9880612446085,757.5854234823662,602.7099251524187,663.1815839017063,634.9877160708163,674.4162985936157,775.4183134237272,475.3101461965854,609.7426455098097,613.4408438020769,454.66742923923135,963.077800717876,643.1440059642441,810.1566428403328,563.6722934375521,811.6394989284039,823.2955551158266,533.5162260253678,784.5092466097743,745.1249173995775,779.025641222461,675.1284974961852,851.4609577525439,837.1108821110878
2012-04-12,691.8344102496941,536.8486817269198,757.5854234823662,609.2149406078837,663.3748021825617,647.2320300909493,674.4878609198586,776.0623743599118,477.1707666788967,610.086144675775,614.5429036262153,454.66742923923135,967.514664944926,643.3873178734694,810.2067364687027,563.6866059028006,817.4789847498115,823.4028986051906,546.3902885164368,784.5092466097743,746.5060702960623,779.025641222461,676.0158703415954,868.8219780990329,845.7126737254653
2012-04-13,696.5503675490908,537.5571487567229,757.5854234823662,609.3866901908665,664.1619877712318,651.2681452910398,674.5236420829799,776.5919355741082,477.1707666788967,610.086144675775,621.405730712894,454.66742923923135,968.0585386243707,644.6754397458387,811.2801713623437,563.722387065922,826.1380262251832,824.6123019186929,551.3853388881802,784.5092466097743,747.7584110053102,779.2474844338133,677.49721049482,875.3341497871222,847.0222642957074
2012-04-14,701.2162312201174,537.6430235482142,757.5854234823662,609.4582525171091,664.1619877712318,653.4007026130735,674.5236420829799,779.4973660195634,477.1707666788967,610.086144675775,631.8609865769582,457.34386024071,968.1086322527408,645.6272186848672,812.3249813254878,563.7653244616678,833.888226157272,827.0239523130733,554.4267377534965,784.5092466097743,748.3094409173793,779.2474844338133,677.7548348692939,876.2000539346593,847.7378875581347
2012-04-15,712.6304222558343,540.040361477346,757.6283608781117,609.6800957284618,664.4840182393241,657.8375668401234,674.5665794787255,782.0592972990537,477.3425162618792,610.086144675775,641.543369317601,457.41542256695277,969.44684775348,645.6272186848672,812.4824184432217,564.1159798602571,844.4866066738217,831.3749417486317,555.3498917620278,784.5092466097743,748.3165971500036,779.2474844338133,679.3292060466342,888.3155557675552,858.8515168236322
2012-04-16,714.1189186416835,540.040361477346,757.6283608781117,610.8179367157213,671.4828137458641,673.0230924688328,675.3537650673958,782.7319831657353,477.72895282359,610.086144675775,653.8664018966009,457.41542256695277,969.8261280825667,645.6343749174915,813.2123541708977,564.896009216303,852.9667423335865,839.4901095445585,555.6504535322473,784.5235590750227,748.9821267840613,779.2474844338133,684.9039112609438,895.6292255095634,862.7158824407403
2012-04-17,735.3729295357773,540.3623919454383,757.9647038114526,619.6415715414511,684.6288130766553,673.1519046560699,676.8851988489903,785.6302573785664,478.0796082221794,610.1076133736477,656.5714578285765,457.42257879957685,971.3861867946582,645.6558436153642,813.3053851950134,565.9622878773199,867.944737216192,850.9830191391426,559.3359133337484,785.7902122495192,751.2363400607074,779.2474844338133,694.5433566058408,899.4148725678043,882.1450540156444
2012-04-18,739.494919527359,541.3571082802123,759.0667636355909,622.0031283074617,686.7255892355678,673.1519046560699,687.1257677343265,789.2226861559518,480.1119782874732,610.1076133736477,674.2044150147876,457.5657034520624,971.9300604741028,646.9224967898608,813.4699785453718,566.3916618347762,868.6746729438679,858.0748456697983,571.7448207042396,786.0048992282474,758.5285411048427,779.2474844338133,696.9693194654698,902.3131467806352,883.5691443078749
2012-04-19,747.6888058821527,543.7329775114713,759.8611054568852,623.4558435301891,694.7191010768818,673.1519046560699,689.0579505428806,793.115676703557,480.11913452009753,610.1076133736477,675.4209745609143,457.8233278265362,972.0159352655943,647.9100568920106,825.2276687470537,566.4059743000247,870.2776690517053,872.9526532956637,580.9906732548014,786.0048992282474,760.3104430282867,779.2474844338133,703.324054035825,903.923299121097,887.1544168526362
2012-04-20,757.8434999759976,543.7329775114713,759.8611054568852,625.6241820153442,704.1510156756749,673.1519046560699,689.0579505428806,799.1054434100743,481.2999129031028,610.1791756998906,677.4891257893294,457.8233278265362,972.1805286159528,648.6614613175593,833.3070553798593,566.4846928588918,871.7590092049301,894.7433816365782,580.9978294874259,786.0048992282474,760.3462241914083,779.2474844338133,714.995869446016,906.3635744459746,889.9024101803574
2012-04-21,760.0905570200197,543.8188523029627,759.9398240157524,627.1842407274357,709.4895652133832,673.4166852631679,689.1796064974932,799.1125996426988,481.74359932580774,610.1791756998906,679.1350592929124,457.8233278265362,977.9699208089903,648.6686175501836,837.4004204409441,567.0285665383367,875.5088751000497,905.17716880277,581.0049857200502,786.0048992282474,771.56719694627,779.2617968990619,725.5584687994444,907.6588525509683,893.5306201208642
2012-04-22,760.8920550739384,546.2161902320944,759.9398240157524,631.4207304410061,714.5919590744908,673.4739351241623,689.1867627301174,799.119755875323,482.7096907300848,610.1791756998906,685.4110753044008,457.8233278265362,988.9762065851236,649.0836790423915,842.5672203956699,567.1215975624523,883.1016379144045,910.8878424369406,581.0049857200502,786.3412421615883,772.5046634200497,779.4907963430386,738.6686869671144,907.9093206928177,898.6974200755902
2012-04-23,771.0467491677832,546.2161902320944,759.9398240157524,635.385283314854,715.6367690376347,675.091243697248,689.1867627301174,799.119755875323,484.9567477741067,611.3241729197745,686.9425090859954,458.0093898747674,989.634579986557,649.1051477402643,843.6764364524324,567.6511587766485,883.9961669924387,919.4252279576996,581.0121419526744,786.7205224906749,774.8447514881874,779.8987016026222,747.9002270524278,909.9989406191057,902.533160762201
2012-04-24,776.2779552161275,546.3163774888342,759.9398240157524,640.4232710823429,715.7298000617502,682.9559433513251,689.465855802464,799.119755875323,485.6795272691584,614.3584155524667,686.9997589469896,461.6232873500258,990.0424852461406,649.305522253744,844.19168520138,571.3723997412709,884.1321354122998,924.0409980003565,581.1695790704084,786.7276787232989,774.9950323732971,780.0561387203563,748.3081323120116,926.358088398196,905.1308732048126
2012-04-25,776.2779552161275,546.9175010292732,759.9398240157524,653.6766139024984,722.0702221668571,685.3819062109542,709.7752439901539,799.119755875323,485.6795272691584,614.3584155524667,715.5674395830914,461.7592557698871,993.7780386760116,649.305522253744,846.0666181489398,572.2311476561838,886.0428495229808,925.9517121110373,581.2053602335299,786.7276787232989,777.9076190513766,780.0847636508532,751.5928430865532,928.7196451642064,914.4840692447387
2012-04-26,776.3566737749945,549.2933702605321,759.9398240157524,661.3838764388415,722.3135340760823,691.2070795671132,712.4802999221292,799.119755875323,486.1589948549848,615.2457883978766,723.153046164822,463.08315880537765,994.128694074601,649.305522253744,848.6070807305573,574.2205803257319,887.6816267939398,931.4763236969768,581.2053602335299,786.8135535147902,778.5874611506827,780.0847636508532,757.4466413732093,931.5535132834192,914.9635368305652
2012-04-27,776.4139236359888,550.1878993385665,759.9398240157524,668.0105478489193,723.0220011058856,694.2627908976782,716.2731032129947,799.5419736001552,488.43467682950387,616.2333485000264,728.2125026301837,466.10308897282135,996.6763128888426,649.4200219757323,850.4605449802441,574.9433598207837,889.620965835118,940.5003330361864,582.3360449881651,786.8135535147902,780.3836755393754,780.1205448139748,771.7734190870061,931.5535132834192,915.0708803199292
2012-04-28,777.7736078346006,555.061293755697,759.9398240157524,673.1129417100268,731.2802935542978,696.3166296608449,724.8391136642508,799.6779420200162,489.3578308380352,617.6574387922568,735.7122344204229,466.21043246218534,1022.460219034102,651.0802679445642,851.0473560554344,576.1098257385404,894.2939857387688,941.5379867667062,586.2361917683945,789.3397036311591,792.492021139647,780.8719492395236,779.0870888290143,931.5535132834192,915.0708803199292
2012-04-29,779.3622914771896,559.5410953784925,759.9398240157524,673.5780968306045,742.5155787744079,709.0260988015556,729.1686344019363,799.6779420200162,489.4580180947752,619.7613711837935,746.5897080093193,469.68120528495837,1030.868792367624,652.4972020041703,854.9331903704153,577.5983221243894,901.5289369219099,943.0121706873068,586.6011596322326,791.0715119262334,798.1669136106964,780.9148866352691,780.0388677680426,936.1549708608272,915.242629902912
2012-04-30,779.4696349665538,561.2013413473243,771.0176721181286,689.1929964167705,743.9539815318872,710.2784395108035,733.5911861637378,799.6779420200162,490.1378601940812,619.7613711837935,752.1357882931317,469.98176705517767,1041.0807363224628,652.5616080977887,859.0981177577431,579.8024417726658,904.0049934099086,946.23247536823,588.1182809485787,797.383309100843,799.9702842320136,780.9148866352691,789.8285939980494,937.2140932892197,922.9570486718795
2012-05-01,779.4696349665538,563.3865894651098,772.033912124272,700.1125949141548,745.1694842843332,715.2267977106524,743.5875339365866,799.6845841115597,491.80502517147977,622.4248498927054,753.152028299275,470.79874431501855,1046.8992085144998,652.833933851069,861.3497867909626,582.233447277558,906.9740083298179,946.8966845225721,593.7773429435733,804.9619355518864,805.2042523682292,781.9975475568468,792.4123676084404,939.6318146110252,925.7998638524637
2012-05-02,779.4696349665538,565.1533858156597,772.4722901661379,702.5103899613298,751.0477353002609,720.8460071563867,750.2761201208118,802.0226003348439,493.4655480573352,627.2536504447727,755.4900445225594,479.1013587442951,1051.1833575600062,653.7704687586912,870.0575688043879,588.3574556805922,910.3149803761587,948.2848816551473,595.1456138015183,807.3132359582578,806.5459548600003,782.3562205001915,793.1031451289563,952.5174722052623,932.4087449381676
2012-05-03,779.5161296073578,565.7777424207413,773.7542138340183,709.4713018988353,763.0101421699626,726.2991643135355,758.9639758596068,802.0890212502783,498.11501213773005,628.4027322817843,755.6228863534277,493.5146973935192,1052.6246914249286,653.8833843149295,884.8760750377606,593.0467723102478,914.8515289003155,948.9025961686852,599.3301314738735,823.3472449440766,806.8182806132806,782.3562205001915,795.9658865841707,970.8828553228219,939.4493619741942
2012-05-04,779.5161296073578,568.2021058340903,774.1660235097103,711.4572872703183,771.7112820918443,737.172268170116,759.1433123312793,802.0890212502783,499.2707360662852,629.8573503297938,755.6361705365148,505.4704621716774,1055.0291285636474,653.8833843149295,887.9978580631687,594.9663367662964,918.8832784671722,953.6118390729707,605.2482350390619,825.8911660052069,806.8182806132806,782.3562205001915,811.7408539997963,983.3301348751934,951.524684400134
2012-05-05,785.8659691228685,571.9681717392101,774.1660235097103,711.5436344603827,772.6345328163799,740.1014305407648,763.825986869391,802.0890212502783,501.04417450837883,631.1924107300214,755.6361705365148,516.25057674665,1055.2217492184068,653.8833843149295,888.2834679995357,595.6239038290952,923.4862479067633,964.6576373096804,618.5988390413387,828.5280763479451,810.7039041661819,782.3628625917349,815.5600566372632,987.062990322596,960.890033476358
2012-05-06,792.5080606662897,573.1703903085693,774.6176857346629,714.3465970917066,784.7563498831238,740.2143460970027,770.8201092646136,802.0890212502783,502.42572954941045,639.9599715673372,755.7025914519488,517.0941223726645,1062.5546182823434,654.4413200045767,888.3498889149698,598.8187498614807,925.2862547150304,969.6392059672462,621.7471904329202,829.4446849809372,810.7836092647033,782.3628625917349,815.5600566372632,994.8475216114856,962.1121783203474
2012-05-07,794.1420151859712,574.6382925396654,775.2154739735709,732.6854118430925,786.2508204803934,741.3235753847542,775.1175424932072,802.387915369732,502.6582027534302,645.2603606189875,756.5461370779634,518.0638677380042,1062.6608917470382,654.4413200045767,898.4259417863399,600.6453250359216,927.8899546000513,972.5816525209821,628.4158503425151,836.4188811015296,810.7902513562465,783.8174806397443,822.0759484413595,1009.187797253732,963.1682708757517
2012-05-08,795.1516131005715,575.8537952921115,775.2287581566577,747.4308550694876,803.5003322186584,741.7021746027292,775.8946672037874,803.3111660942676,502.66484484497363,652.0751465425377,756.6258421764845,519.3723597720581,1062.6608917470382,654.4413200045767,922.8887649407602,602.7375838720992,942.847944755836,983.8466397786244,629.0003543983363,838.5443503954242,810.8699564547676,783.8307648228313,822.0759484413595,1013.1531259051544,963.7129223823121
2012-05-09,795.1516131005715,577.7733597481601,775.2287581566577,749.974776130618,805.7387170687912,745.2424093953726,776.1337824993506,803.3111660942676,503.0965807952959,663.1209447792473,756.6258421764845,522.4277218820317,1063.2055432535988,654.4878146453808,928.4681218372341,602.9899833507493,947.1918726252333,993.178778397131,629.1464804122915,839.753211056327,810.8832406378543,784.3621321463049,822.2951374622925,1017.1516650142943,964.2376476142424
2012-05-10,796.1612110151714,597.055351498712,775.2287581566577,749.974776130618,809.6641931709532,746.2187968522555,776.8644125691269,803.5768497560044,503.3290539993157,664.1703952431078,756.7453998242661,523.6631509091083,1063.4180901829884,654.7468562155742,939.7928879187673,609.0143603806323,962.3756938934944,994.2614393187088,639.4682906707679,843.3000879405141,811.016082468723,784.3621321463049,823.0589779897861,1022.5317591644654,964.7358044799988
2012-05-11,796.4136104938215,617.6989720156649,775.2287581566577,749.9880603137049,810.1092133043624,748.9287702019715,776.9374755761046,805.8949397046583,503.3290539993157,672.1541892783,757.4295352532383,524.9384324854451,1064.500751104566,655.0656766096585,946.3818427298413,611.2925977800257,973.9329331790473,994.2614393187088,642.4107372245038,848.3414354219708,811.016082468723,784.3754163293918,823.9091657073437,1023.1162632202864,965.7852549438594
2012-05-12,796.5132418669729,635.566198267468,775.2287581566577,749.9880603137049,810.3881811491859,759.0911702634057,776.9839702169086,808.1466087378783,503.34233818240256,674.2730164806512,757.502598260216,527.1369647863175,1065.8955903286844,655.2118026236137,946.5545371099699,612.0365120328888,984.3145222614148,994.2614393187088,644.6889746238973,850.6528832790813,811.016082468723,784.3754163293918,828.9571552803441,1023.1162632202864,965.8516758592937
2012-05-13,796.5929469654938,635.5728403590116,777.0088386902946,756.1187108082828,810.3881811491859,765.6336304336756,776.9839702169086,808.598270962831,503.34233818240256,681.6058855445882,757.5092403517597,540.6934736264401,1067.1509456303909,655.2118026236137,948.7729956854727,612.5612372648193,984.4008694514791,994.3345023256867,648.5546719021684,856.8964493298971,811.016082468723,784.3754163293918,830.0863108427257,1026.9952446816444,965.9978018732487
2012-05-14,797.3169349437268,635.95808166853,777.4671430067908,756.1984159068037,810.4878125223373,767.1148168478586,778.1131257792903,808.6381235120914,503.348980273946,694.9631316384085,757.5092403517597,549.1090036119548,1082.7665028489744,655.2250868067006,950.546434127566,612.6608686379707,987.2901792728676,994.4075653326644,649.9229427601132,860.4167578479105,811.016082468723,785.278740779297,834.9350376694232,1029.3000504472116,967.4059252804542
2012-05-15,797.3169349437268,641.7433434028497,778.0051524218077,756.8891934273197,811.0723165781586,775.1118950661377,778.1197678708336,808.9370176315454,503.86042132278936,698.5100085225954,757.5092403517597,554.661792142255,1096.854379012571,655.2250868067006,950.8519703385634,617.8417000418391,988.9905547079834,994.4075653326644,650.474236358217,875.6537158485187,811.1024296587873,786.1687810461154,835.3534894366588,1044.5170821731897,968.2760392726424
2012-05-16,797.4763451407688,642.6599520358419,778.323972815892,761.8441937187117,811.0723165781586,779.342907379297,778.1197678708336,809.2956905748899,503.9666947874841,710.6185414062522,757.5158824433031,554.8212023392971,1105.1636355333908,656.0487061580848,951.7619368800121,623.0557419034247,988.9971967995268,994.4075653326644,652.6528423844592,880.9673890832557,811.2352714896558,795.7134665940117,835.3534894366588,1049.6713452108845,968.2760392726424
2012-05-17,797.8682285418306,646.3263865678106,784.0361715432342,761.8574779017986,811.0723165781586,786.4565874223011,778.5979984619597,809.3089747579768,510.95417509116334,711.0369931734879,763.3011441776229,554.8344865223838,1107.6012831298262,656.0487061580848,954.0933110117528,623.0756681780549,989.0636177149612,994.4075653326644,657.0299807115737,881.0736625479504,811.2950503135464,795.9725081642051,837.6051584698787,1051.1326053504374,969.770509869912
2012-05-18,798.2269014851753,650.2053680291684,802.8465747942032,762.0633827396448,811.0723165781586,788.8344561948459,781.2415508962415,809.3089747579768,513.6375800747054,711.4554449407234,769.9498778125875,554.8344865223838,1108.0396611716922,656.1350533481493,954.5715416028793,625.9251254501827,993.3012721196637,994.4075653326644,663.0211472837394,881.9371344485953,811.6670074399782,795.9725081642051,840.8132886853508,1054.081693995716,971.0922860870528
2012-05-19,798.2401856682621,650.9692085566619,819.9499605185127,762.0766669227314,811.0723165781586,793.2381628881343,812.4460969672342,809.3089747579768,513.6375800747054,719.0008609340498,770.5941606922994,554.8344865223838,1109.8928047123068,656.4273053760597,954.9368566377676,626.0845356472247,997.5322844328231,994.4075653326644,679.4603238537071,883.2323422995622,813.367382875094,796.9887481703487,841.0191935231971,1054.194609551954,971.238412101008
2012-05-20,798.2401856682621,660.022379330345,821.3182313764577,762.3689189506421,811.1586637682228,796.3931563712594,815.3819014294265,809.3089747579768,513.6840747155094,722.1160018679144,770.9129810863836,556.5680724152169,1109.8928047123068,656.5999997561887,954.9368566377676,626.184167020376,998.761071368356,994.7795224590956,683.8175359061912,891.8338508482927,816.4692396258718,798.2175351058817,841.0191935231971,1055.2307758327279,976.1867703008572
2012-05-21,798.2401856682621,660.4408310975805,824.6724876058853,764.3283359559514,811.2317267752006,812.1282712376242,816.0261843091382,809.3089747579768,513.6840747155094,722.1160018679144,770.9129810863836,556.9466716331918,1109.9060888953936,656.7594099532309,955.0962668348096,626.184167020376,1000.82676183836,996.3869086126036,684.3422611381217,894.3644877263362,816.8079862945862,813.899513239899,841.0191935231971,1055.2307758327279,996.1794658465545
2012-05-22,798.2401856682621,660.5138941045583,849.3345735066084,767.8021498331606,811.3180739652652,812.1282712376242,822.7479809510804,809.3089747579768,513.6840747155094,722.6872217406486,770.9129810863836,557.0263767317128,1111.334138577229,656.8457571432955,955.5479290597623,626.5959766960681,1012.7758845249748,1014.3670504206447,684.521597609794,895.3143068170452,828.5910566926153,818.6220403272714,849.4015130509947,1055.2507021073582,1005.6975830282774
2012-05-23,798.4859430553688,660.5869571115359,855.4785081842728,798.9402749887191,811.3180739652652,812.2478288854056,824.4018617453925,809.3886798564978,516.7660051916569,722.9661895854723,770.9129810863836,557.0263767317128,1117.5179258041542,656.93210433336,955.5479290597623,630.2159165872326,1014.6954489810234,1014.3803346037317,684.521597609794,898.2301850046074,829.5143074171509,823.7032403579885,849.9528066490986,1055.6558696915067,1010.1610685454567
2012-05-24,798.4859430553688,660.5869571115359,866.4246750478308,804.0746117517839,811.3180739652652,814.7386132141887,836.0055956717496,810.0063943700362,518.2272653312095,723.0658209586238,770.9129810863836,557.2256394780155,1127.892872794978,656.93210433336,955.561213242849,633.4971098096828,1024.4991760991134,1014.7124391809031,684.5946606167714,898.9076783420364,830.4043476839696,830.9829726895782,853.6790200049577,1055.7355747900278,1011.8880123467461
2012-05-25,798.9243210972348,660.7264410339477,867.686672441081,812.4104366387775,811.4309895215033,825.3393913174889,847.8816553513864,810.0063943700362,518.2272653312095,723.0658209586238,770.9129810863836,557.2256394780155,1129.1615122797716,657.104798713489,955.561213242849,634.9384436746051,1025.1833115280856,1015.2105960466597,684.8138496377045,899.1534357291431,836.0036308550735,831.7866657663322,857.6111381986632,1055.7355747900278,1018.1714309468229
2012-05-26,800.2460973143756,661.124966526553,874.9331943149533,815.983881889138,811.5173367115677,825.3393913174889,848.2403282947312,810.0063943700362,518.3999597113385,723.0658209586238,770.9129810863836,557.2256394780155,1129.1615122797716,657.1845038120101,955.5678553343924,637.6816274820379,1025.482205647539,1019.8467759439676,688.5865576343676,901.94311417738,842.5261647507132,832.663421850064,861.8089400541053,1055.9215533532433,1021.9839914927464
2012-05-27,801.6741469962112,662.7124264054306,875.6106876523825,818.3949611194,811.6966731832403,831.9615565862797,851.2824062216182,810.0728152854703,518.4995910844899,723.0658209586238,770.9129810863836,557.2256394780155,1130.1711101943715,657.3173456428785,955.6342762498267,652.9318696657333,1025.741247217733,1025.439417023528,688.9585147607993,904.7925714495076,852.1173449394133,832.663421850064,862.0613395327555,1057.2101191126671,1021.9839914927464
2012-05-28,806.1907692457376,663.947855432507,875.9892868703573,820.5005041386645,811.6966731832403,834.9305715061893,851.5680161579852,814.0315018453492,518.4995910844899,723.6038303736408,770.9129810863836,557.2854183019064,1130.3305203914138,657.3771244667694,955.6342762498267,653.8019836579215,1025.820952316254,1025.5988272205702,688.9651568523427,904.878918639572,854.0036989377451,832.9224634202574,880.8717427837242,1057.3429609435352,1022.5020746331332
2012-05-29,807.1273041533599,675.1929164155191,876.94574805261,820.6466301526199,811.6966731832403,836.8235675960641,852.132593939176,814.0447860284363,520.7977547585136,723.6636091975316,770.9129810863836,557.2854183019064,1130.6360566024111,657.3771244667694,955.6342762498267,654.1274461435493,1026.4120984636183,1025.5988272205702,689.8817654853349,924.9181088260741,864.7173925972836,833.4870412014482,889.2739885861522,1058.3525588581356,1029.4629865706386
2012-05-30,808.9804476939743,680.5331580164298,877.4704732845404,821.0916502860291,811.8959359295427,837.3815032857117,855.8654493865787,814.0447860284363,520.7977547585136,723.6636091975316,770.9129810863836,557.3385550342539,1131.0345820950165,658.2206700927837,957.4209988750067,654.9178550372162,1026.6711400338118,1025.5988272205702,706.0220479358484,930.942485855957,867.7395442495402,839.7837439846115,896.321247713722,1059.3090200403883,1039.924280751527
2012-05-31,813.1184707255259,685.694063145668,882.0335901748707,821.0982923775725,814.20074169511,838.5239430311798,856.5894373648116,814.0447860284363,520.7977547585136,723.6636091975316,770.9129810863836,557.4979652312959,1131.0345820950165,658.2937330997615,965.0594041499412,660.337801736648,1028.0726213494736,1025.5988272205702,709.8678189394893,946.5779693491704,874.1757309551152,842.4206543273497,898.008338965751,1062.4706556150568,1049.4357558417064
2012-06-01,814.2178367396518,687.9375368140297,883.4461476697653,821.1749923320464,814.20074169511,845.8999219864203,870.4018208329868,814.0447860284363,520.7977547585136,723.6636091975316,770.9129810863836,557.5746651857696,1131.0345820950165,658.2937330997615,965.0594041499412,661.9165424662357,1028.168496292566,1025.5988272205702,712.0026343390131,948.0800101242844,874.2588225724621,846.7733767437436,899.5679047067205,1079.6067037771006,1056.9843096945128
2012-06-02,815.8349274464764,689.1519527598663,899.7512796583418,821.187775657792,814.20074169511,851.0068606218074,872.0316948655569,814.0447860284363,520.7977547585136,723.6636091975316,771.0855559839499,557.5746651857696,1133.3036224148696,658.3704330542355,965.1233207786694,662.0124174093281,1028.168496292566,1025.5988272205702,712.4628340658563,948.4954682110181,874.2716058982077,846.7733767437436,905.8956509508173,1092.5626044203173,1060.525290926058
